Round,Alive,Dead,CH_Count,Generated,Delivered,Lost,Unclustered,LEACH_Epoch,Control_TX,Control_RX,Data_TX,Data_RX,Energy_Used_J,Residual_Energy_J,Avg_Cluster_Size,Avg_Delay_ms,PDR,Round_Duration_s,Throughput_kbps
1,100,0,6,100,100,0,0,1,105,782,100,100,0.1760878298,49.8239121702,16.6666666667,16.3272682061,1.0000000000,0.9692800000,217.0683393859
2,100,0,9,100,100,0,0,1,108,1073,100,100,0.2466848478,49.5772273224,11.1111111111,16.0747548215,1.0000000000,0.9729280000,216.2544402052
3,100,0,2,100,100,0,0,1,102,394,100,100,0.0803925909,49.4968347315,50.0000000000,16.6638505395,1.0000000000,0.9656320000,217.8883881230
4,100,0,5,100,100,0,0,1,105,685,100,100,0.1506306159,49.3462041157,20.0000000000,16.4114015726,1.0000000000,0.9692800000,217.0683393859
5,100,0,4,100,100,0,0,1,104,588,100,100,0.1276622143,49.2185419014,25.0000000000,16.4956084352,1.0000000000,0.9680640000,217.3410022478
6,100,0,9,100,100,0,0,1,109,1073,100,100,0.2464708976,48.9720710038,11.1111111111,16.0747378696,1.0000000000,0.9741440000,215.9844951054
7,100,0,3,100,100,0,0,1,103,491,100,100,0.1032851107,48.8687858931,33.3333333333,16.5797008135,1.0000000000,0.9668480000,217.6143509631
8,100,0,4,100,100,0,0,1,104,588,100,100,0.1274129981,48.7413728950,25.0000000000,16.4955501999,1.0000000000,0.9680640000,217.3410022478
9,100,0,4,100,100,0,0,1,104,588,100,100,0.1288917863,48.6124811087,25.0000000000,16.4956106374,1.0000000000,0.9680640000,217.3410022478
10,100,0,4,100,100,0,0,1,104,588,100,100,0.1277388957,48.4847422130,25.0000000000,16.4955235536,1.0000000000,0.9680640000,217.3410022478
11,100,0,10,100,100,0,0,1,110,1170,100,100,0.2705449092,48.2141973038,10.0000000000,15.9905653590,1.0000000000,0.9753600000,215.7152230971
12,100,0,3,100,100,0,0,1,103,491,100,100,0.1039533439,48.1102439599,33.3333333333,16.5797350748,1.0000000000,0.9668480000,217.6143509631
13,100,0,8,100,100,0,0,1,108,976,100,100,0.2225455583,47.8876984016,12.5000000000,16.1589057193,1.0000000000,0.9729280000,216.2544402052
14,100,0,7,100,100,0,0,1,107,879,100,100,0.1984715433,47.6892268583,14.2857142857,16.2430433151,1.0000000000,0.9717120000,216.5250609234
15,100,0,6,100,100,0,0,1,106,782,100,100,0.1748476962,47.5143791621,16.6666666667,16.3272097520,1.0000000000,0.9704960000,216.7963597995
16,100,0,2,100,100,0,0,1,102,394,100,100,0.0812482125,47.4331309496,50.0000000000,16.6639182911,1.0000000000,0.9656320000,217.8883881230
17,100,0,4,100,100,0,0,1,104,588,100,100,0.1285250816,47.3046058680,25.0000000000,16.4955870581,1.0000000000,0.9680640000,217.3410022478
18,100,0,3,100,100,0,0,1,103,491,100,100,0.1035987814,47.2010070866,33.3333333333,16.5797041982,1.0000000000,0.9668480000,217.6143509631
19,100,0,2,100,100,0,0,1,102,394,100,100,0.0820484562,47.1189586304,50.0000000000,16.6639804415,1.0000000000,0.9656320000,217.8883881230
20,100,0,5,100,100,0,0,1,105,685,100,100,0.1510157174,46.9679429130,20.0000000000,16.4114161020,1.0000000000,0.9692800000,217.0683393859
21,100,0,4,100,100,0,0,2,104,588,100,100,0.1267736856,46.8411692274,25.0000000000,16.4955339781,1.0000000000,0.9680640000,217.3410022478
22,100,0,5,100,100,0,0,2,105,685,100,100,0.1511478299,46.6900213975,20.0000000000,16.4113817904,1.0000000000,0.9692800000,217.0683393859
23,100,0,4,100,100,0,0,2,104,588,100,100,0.1274800958,46.5625413017,25.0000000000,16.4955512822,1.0000000000,0.9680640000,217.3410022478
24,100,0,7,100,100,0,0,2,107,879,100,100,0.1987265434,46.3638147584,14.2857142857,16.2430696407,1.0000000000,0.9717120000,216.5250609234
25,100,0,4,100,100,0,0,2,104,588,100,100,0.1271069221,46.2367078362,25.0000000000,16.4955587615,1.0000000000,0.9680640000,217.3410022478
26,100,0,6,100,100,0,0,2,106,782,100,100,0.1744498198,46.0622580164,16.6666666667,16.3272321818,1.0000000000,0.9704960000,216.7963597995
27,100,0,5,100,100,0,0,2,105,685,100,100,0.1512850572,45.9109729592,20.0000000000,16.4114023249,1.0000000000,0.9692800000,217.0683393859
28,100,0,7,100,100,0,0,2,107,879,100,100,0.1985327773,45.7124401820,14.2857142857,16.2430476275,1.0000000000,0.9717120000,216.5250609234
29,100,0,5,100,100,0,0,2,105,685,100,100,0.1514314568,45.5610087251,20.0000000000,16.4114214509,1.0000000000,0.9692800000,217.0683393859
30,100,0,4,100,100,0,0,2,104,588,100,100,0.1271574512,45.4338512740,25.0000000000,16.4955557993,1.0000000000,0.9680640000,217.3410022478
31,100,0,6,100,100,0,0,2,106,782,100,100,0.1749976934,45.2588535806,16.6666666667,16.3272326626,1.0000000000,0.9704960000,216.7963597995
32,100,0,7,100,100,0,0,2,107,879,100,100,0.1988372855,45.0600162951,14.2857142857,16.2430944477,1.0000000000,0.9717120000,216.5250609234
33,100,0,4,100,100,0,0,2,104,588,100,100,0.1272630836,44.9327532115,25.0000000000,16.4955536663,1.0000000000,0.9680640000,217.3410022478
34,100,0,5,100,100,0,0,2,105,685,100,100,0.1506215683,44.7821316431,20.0000000000,16.4114222468,1.0000000000,0.9692800000,217.0683393859
35,100,0,5,100,100,0,0,2,105,685,100,100,0.1508233706,44.6313082725,20.0000000000,16.4113926048,1.0000000000,0.9692800000,217.0683393859
36,100,0,4,100,100,0,0,2,104,588,100,100,0.1275075761,44.5038006964,25.0000000000,16.4955558859,1.0000000000,0.9680640000,217.3410022478
37,100,0,4,100,100,0,0,2,104,588,100,100,0.1284772164,44.3753234800,25.0000000000,16.4956218932,1.0000000000,0.9680640000,217.3410022478
38,100,0,5,100,100,0,0,2,105,685,100,100,0.1510461238,44.2242773562,20.0000000000,16.4113882244,1.0000000000,0.9692800000,217.0683393859
39,100,0,7,100,100,0,0,2,107,879,100,100,0.1982240883,44.0260532679,14.2857142857,16.2430663168,1.0000000000,0.9717120000,216.5250609234
40,100,0,2,100,100,0,0,2,102,394,100,100,0.0805789182,43.9454743497,50.0000000000,16.6638478202,1.0000000000,0.9656320000,217.8883881230
41,100,0,10,100,100,0,0,3,110,1170,100,100,0.2700891285,43.6753852212,10.0000000000,15.9905644242,1.0000000000,0.9753600000,215.7152230971
42,100,0,5,100,100,0,0,3,105,685,100,100,0.1503264918,43.5250587294,20.0000000000,16.4113752997,1.0000000000,0.9692800000,217.0683393859
43,100,0,2,100,100,0,0,3,102,394,100,100,0.0814956865,43.4435630429,50.0000000000,16.6638745720,1.0000000000,0.9656320000,217.8883881230
44,100,0,2,100,100,0,0,3,102,394,100,100,0.0804133052,43.3631497376,50.0000000000,16.6638942889,1.0000000000,0.9656320000,217.8883881230
45,100,0,4,100,100,0,0,3,104,588,100,100,0.1269380232,43.2362117145,25.0000000000,16.4955615369,1.0000000000,0.9680640000,217.3410022478
46,100,0,3,100,100,0,0,3,103,491,100,100,0.1044621450,43.1317495695,33.3333333333,16.5797009953,1.0000000000,0.9668480000,217.6143509631
47,100,0,9,100,100,0,0,3,109,1073,100,100,0.2460867068,42.8856628627,11.1111111111,16.0747481626,1.0000000000,0.9741440000,215.9844951054
48,100,0,5,100,100,0,0,3,104,685,100,100,0.1538409306,42.7318219321,20.0000000000,16.4114596928,1.0000000000,0.9680640000,217.3410022478
49,100,0,6,100,100,0,0,3,106,782,100,100,0.1746023302,42.5572196019,16.6666666667,16.3272167404,1.0000000000,0.9704960000,216.7963597995
50,100,0,5,100,100,0,0,3,105,685,100,100,0.1518492967,42.4053703051,20.0000000000,16.4114285766,1.0000000000,0.9692800000,217.0683393859
51,100,0,10,100,100,0,0,3,110,1170,100,100,0.2702144193,42.1351558858,10.0000000000,15.9905799425,1.0000000000,0.9753600000,215.7152230971
52,100,0,3,100,100,0,0,3,103,491,100,100,0.1041865229,42.0309693629,33.3333333333,16.5797220641,1.0000000000,0.9668480000,217.6143509631
53,100,0,1,100,100,0,0,3,101,297,100,100,0.0583233717,41.9726459912,100.0000000000,16.7480322231,1.0000000000,0.9644160000,218.1631163315
54,100,0,1,100,100,0,0,3,101,297,100,100,0.0678833040,41.9047626872,100.0000000000,16.7482413507,1.0000000000,0.9644160000,218.1631163315
55,100,0,4,100,100,0,0,3,104,588,100,100,0.1278949986,41.7768676886,25.0000000000,16.4955239347,1.0000000000,0.9680640000,217.3410022478
56,100,0,4,100,100,0,0,3,104,588,100,100,0.1278126131,41.6490550756,25.0000000000,16.4955710408,1.0000000000,0.9680640000,217.3410022478
57,100,0,6,100,100,0,0,3,106,782,100,100,0.1751346847,41.4739203909,16.6666666667,16.3272334236,1.0000000000,0.9704960000,216.7963597995
58,100,0,4,100,100,0,0,3,104,588,100,100,0.1288943099,41.3450260809,25.0000000000,16.4955490427,1.0000000000,0.9680640000,217.3410022478
59,100,0,10,100,100,0,0,3,110,1170,100,100,0.2700713556,41.0749547254,10.0000000000,15.9905769549,1.0000000000,0.9753600000,215.7152230971
60,100,0,6,100,100,0,0,3,106,782,100,100,0.1747163240,40.9002384014,16.6666666667,16.3272362652,1.0000000000,0.9704960000,216.7963597995
61,100,0,2,100,100,0,0,4,102,394,100,100,0.0800703507,40.8201680506,50.0000000000,16.6638769780,1.0000000000,0.9656320000,217.8883881230
62,100,0,2,100,100,0,0,4,102,394,100,100,0.0810376622,40.7391303884,50.0000000000,16.6638913573,1.0000000000,0.9656320000,217.8883881230
63,100,0,3,100,100,0,0,4,103,491,100,100,0.1071603674,40.6319700211,33.3333333333,16.5798314446,1.0000000000,0.9668480000,217.6143509631
64,100,0,3,100,100,0,0,4,103,491,100,100,0.1038232955,40.5281467256,33.3333333333,16.5797517396,1.0000000000,0.9668480000,217.6143509631
65,100,0,8,100,100,0,0,4,108,976,100,100,0.2228413557,40.3053053699,12.5000000000,16.1588914213,1.0000000000,0.9729280000,216.2544402052
66,100,0,4,100,100,0,0,4,104,588,100,100,0.1270629772,40.1782423928,25.0000000000,16.4955965077,1.0000000000,0.9680640000,217.3410022478
67,100,0,2,100,100,0,0,4,102,394,100,100,0.0810966537,40.0971457391,50.0000000000,16.6639605783,1.0000000000,0.9656320000,217.8883881230
68,100,0,10,100,100,0,0,4,110,1170,100,100,0.2703332911,39.8268124480,10.0000000000,15.9905792819,1.0000000000,0.9753600000,215.7152230971
69,100,0,3,100,100,0,0,4,103,491,100,100,0.1041722314,39.7226402165,33.3333333333,16.5797637240,1.0000000000,0.9668480000,217.6143509631
70,100,0,6,100,100,0,0,4,106,782,100,100,0.1742291452,39.5484110713,16.6666666667,16.3272164760,1.0000000000,0.9704960000,216.7963597995
71,100,0,4,100,100,0,0,4,104,588,100,100,0.1284103739,39.4200006974,25.0000000000,16.4955734470,1.0000000000,0.9680640000,217.3410022478
72,100,0,6,100,100,0,0,4,106,782,100,100,0.1750423593,39.2449583381,16.6666666667,16.3272166753,1.0000000000,0.9704960000,216.7963597995
73,100,0,8,100,100,0,0,4,108,976,100,100,0.2225045760,39.0224537621,12.5000000000,16.1589189513,1.0000000000,0.9729280000,216.2544402052
74,100,0,4,100,100,0,0,4,104,588,100,100,0.1272384052,38.8952153569,25.0000000000,16.4955324312,1.0000000000,0.9680640000,217.3410022478
75,100,0,5,100,100,0,0,4,105,685,100,100,0.1511098818,38.7441054751,20.0000000000,16.4113746411,1.0000000000,0.9692800000,217.0683393859
76,100,0,4,100,100,0,0,4,104,588,100,100,0.1276119165,38.6164935586,25.0000000000,16.4955534890,1.0000000000,0.9680640000,217.3410022478
77,100,0,6,100,100,0,0,4,106,782,100,100,0.1751683559,38.4413252028,16.6666666667,16.3272488157,1.0000000000,0.9704960000,216.7963597995
78,100,0,6,100,100,0,0,4,106,782,100,100,0.1753596727,38.2659655301,16.6666666667,16.3272307395,1.0000000000,0.9704960000,216.7963597995
79,100,0,7,100,100,0,0,4,106,879,100,100,0.1982219488,38.0677435813,14.2857142857,16.2430564784,1.0000000000,0.9704960000,216.7963597995
80,100,0,7,100,100,0,0,4,107,879,100,100,0.1992126128,37.8685309685,14.2857142857,16.2430743828,1.0000000000,0.9717120000,216.5250609234
81,100,0,5,100,100,0,0,5,105,685,100,100,0.1511381250,37.7173928435,20.0000000000,16.4113930282,1.0000000000,0.9692800000,217.0683393859
82,100,0,5,100,100,0,0,5,105,685,100,100,0.1508848288,37.5665080147,20.0000000000,16.4114007811,1.0000000000,0.9692800000,217.0683393859
83,100,0,8,100,100,0,0,5,108,976,100,100,0.2229929435,37.3435150711,12.5000000000,16.1588943899,1.0000000000,0.9729280000,216.2544402052
84,100,0,5,100,100,0,0,5,105,685,100,100,0.1507886020,37.1927264691,20.0000000000,16.4113881061,1.0000000000,0.9692800000,217.0683393859
85,100,0,6,100,100,0,0,5,106,782,100,100,0.1742865964,37.0184398727,16.6666666667,16.3272115714,1.0000000000,0.9704960000,216.7963597995
86,100,0,6,100,100,0,0,5,106,782,100,100,0.1744313014,36.8440085713,16.6666666667,16.3272376645,1.0000000000,0.9704960000,216.7963597995
87,100,0,3,100,100,0,0,5,103,491,100,100,0.1040628909,36.7399456804,33.3333333333,16.5797222840,1.0000000000,0.9668480000,217.6143509631
88,100,0,5,100,100,0,0,5,105,685,100,100,0.1512351109,36.5887105695,20.0000000000,16.4113690311,1.0000000000,0.9692800000,217.0683393859
89,100,0,6,100,100,0,0,5,106,782,100,100,0.1773116333,36.4113989362,16.6666666667,16.3272801807,1.0000000000,0.9704960000,216.7963597995
90,100,0,4,100,100,0,0,5,104,588,100,100,0.1282834992,36.2831154370,25.0000000000,16.4956393880,1.0000000000,0.9680640000,217.3410022478
91,100,0,4,100,100,0,0,5,104,588,100,100,0.1270102963,36.1561051408,25.0000000000,16.4955780603,1.0000000000,0.9680640000,217.3410022478
92,100,0,6,100,100,0,0,5,106,782,100,100,0.1744753125,35.9816298282,16.6666666667,16.3272222778,1.0000000000,0.9704960000,216.7963597995
93,100,0,5,100,100,0,0,5,105,685,100,100,0.1512754116,35.8303544167,20.0000000000,16.4114239558,1.0000000000,0.9692800000,217.0683393859
94,100,0,6,100,100,0,0,5,106,782,100,100,0.1752925041,35.6550619126,16.6666666667,16.3272180845,1.0000000000,0.9704960000,216.7963597995
95,100,0,6,100,100,0,0,5,106,782,100,100,0.1750292827,35.4800326299,16.6666666667,16.3272113959,1.0000000000,0.9704960000,216.7963597995
96,100,0,2,100,100,0,0,5,102,394,100,100,0.0810734689,35.3989591611,50.0000000000,16.6639688694,1.0000000000,0.9656320000,217.8883881230
97,100,0,6,100,100,0,0,5,106,782,100,100,0.1745453324,35.2244138287,16.6666666667,16.3272146859,1.0000000000,0.9704960000,216.7963597995
98,100,0,7,100,100,0,0,5,107,879,100,100,0.1986365725,35.0257772562,14.2857142857,16.2430597131,1.0000000000,0.9717120000,216.5250609234
99,100,0,5,100,100,0,0,5,105,685,100,100,0.1516875679,34.8740896882,20.0000000000,16.4114184661,1.0000000000,0.9692800000,217.0683393859
100,100,0,0,100,100,0,100,5,0,0,100,100,2.2453333457,32.6287563425,0.0000000000,8.4161324089,1.0000000000,0.8416000000,250.0000000000
101,100,0,3,100,100,0,0,6,103,491,100,100,0.1042401329,32.5245162096,33.3333333333,16.5797094571,1.0000000000,0.9668480000,217.6143509631
102,100,0,7,100,100,0,0,6,106,879,100,100,0.1991122713,32.3254039384,14.2857142857,16.2430867686,1.0000000000,0.9704960000,216.7963597995
103,100,0,8,100,100,0,0,6,108,976,100,100,0.2227421660,32.1026617724,12.5000000000,16.1588889068,1.0000000000,0.9729280000,216.2544402052
104,100,0,2,100,100,0,0,6,102,394,100,100,0.0801425079,32.0225192645,50.0000000000,16.6638850966,1.0000000000,0.9656320000,217.8883881230
105,100,0,5,100,100,0,0,6,105,685,100,100,0.1506209197,31.8718983447,20.0000000000,16.4113870137,1.0000000000,0.9692800000,217.0683393859
106,100,0,1,100,100,0,0,6,101,297,100,100,0.0714864846,31.8004118602,100.0000000000,16.7482816917,1.0000000000,0.9644160000,218.1631163315
107,100,0,2,100,100,0,0,6,102,394,100,100,0.0807484723,31.7196633878,50.0000000000,16.6638668600,1.0000000000,0.9656320000,217.8883881230
108,100,0,4,100,100,0,0,6,104,588,100,100,0.1267014746,31.5929619132,25.0000000000,16.4955856865,1.0000000000,0.9680640000,217.3410022478
109,100,0,5,100,100,0,0,6,105,685,100,100,0.1512263124,31.4417356008,20.0000000000,16.4113936825,1.0000000000,0.9692800000,217.0683393859
110,100,0,4,100,100,0,0,6,104,588,100,100,0.1275314008,31.3142042000,25.0000000000,16.4956095028,1.0000000000,0.9680640000,217.3410022478
111,100,0,8,100,100,0,0,6,108,976,100,100,0.2225653081,31.0916388919,12.5000000000,16.1589301797,1.0000000000,0.9729280000,216.2544402052
112,100,0,7,100,100,0,0,6,107,879,100,100,0.1984081036,30.8932307883,14.2857142857,16.2430426892,1.0000000000,0.9717120000,216.5250609234
113,100,0,6,100,100,0,0,6,106,782,100,100,0.1753796033,30.7178511850,16.6666666667,16.3272263147,1.0000000000,0.9704960000,216.7963597995
114,100,0,4,100,100,0,0,6,104,588,100,100,0.1272208075,30.5906303776,25.0000000000,16.4955275034,1.0000000000,0.9680640000,217.3410022478
115,100,0,5,100,100,0,0,6,105,685,100,100,0.1521587634,30.4384716142,20.0000000000,16.4114276316,1.0000000000,0.9692800000,217.0683393859
116,100,0,8,100,100,0,0,6,108,976,100,100,0.2220374867,30.2164341275,12.5000000000,16.1588958192,1.0000000000,0.9729280000,216.2544402052
117,100,0,4,100,100,0,0,6,104,588,100,100,0.1277046664,30.0887294611,25.0000000000,16.4956003077,1.0000000000,0.9680640000,217.3410022478
118,100,0,5,100,100,0,0,6,105,685,100,100,0.1517155485,29.9370139126,20.0000000000,16.4113972310,1.0000000000,0.9692800000,217.0683393859
119,100,0,6,100,100,0,0,6,106,782,100,100,0.1755892658,29.7614246468,16.6666666667,16.3272539686,1.0000000000,0.9704960000,216.7963597995
120,100,0,6,100,100,0,0,6,106,782,100,100,0.1745616527,29.5868629941,16.6666666667,16.3272227851,1.0000000000,0.9704960000,216.7963597995
121,100,0,5,100,100,0,0,7,105,685,100,100,0.1521021553,29.4347608388,20.0000000000,16.4114251053,1.0000000000,0.9692800000,217.0683393859
122,100,0,5,100,100,0,0,7,105,685,100,100,0.1544132882,29.2803475506,20.0000000000,16.4114827903,1.0000000000,0.9692800000,217.0683393859
123,100,0,8,100,100,0,0,7,108,976,100,100,0.2224848924,29.0578626582,12.5000000000,16.1588897857,1.0000000000,0.9729280000,216.2544402052
124,100,0,6,100,100,0,0,7,106,782,100,100,0.1745959279,28.8832667303,16.6666666667,16.3272480124,1.0000000000,0.9704960000,216.7963597995
125,100,0,9,100,100,0,0,7,109,1073,100,100,0.2460934569,28.6371732734,11.1111111111,16.0747347680,1.0000000000,0.9741440000,215.9844951054
126,100,0,3,100,100,0,0,7,103,491,100,100,0.1034553603,28.5337179131,33.3333333333,16.5797119940,1.0000000000,0.9668480000,217.6143509631
127,100,0,3,100,100,0,0,7,103,491,100,100,0.1033289989,28.4303889142,33.3333333333,16.5797114909,1.0000000000,0.9668480000,217.6143509631
128,100,0,6,100,100,0,0,7,106,782,100,100,0.1755320576,28.2548568567,16.6666666667,16.3272659294,1.0000000000,0.9704960000,216.7963597995
129,100,0,5,100,100,0,0,7,105,685,100,100,0.1509286732,28.1039281835,20.0000000000,16.4113690549,1.0000000000,0.9692800000,217.0683393859
130,100,0,3,100,100,0,0,7,103,491,100,100,0.1047846985,27.9991434850,33.3333333333,16.5797488665,1.0000000000,0.9668480000,217.6143509631
131,100,0,4,100,100,0,0,7,104,588,100,100,0.1267824942,27.8723609908,25.0000000000,16.4955415941,1.0000000000,0.9680640000,217.3410022478
132,100,0,8,100,100,0,0,7,108,976,100,100,0.2225303983,27.6498305925,12.5000000000,16.1589064607,1.0000000000,0.9729280000,216.2544402052
133,100,0,3,100,100,0,0,7,103,491,100,100,0.1034285573,27.5464020352,33.3333333333,16.5797135974,1.0000000000,0.9668480000,217.6143509631
134,100,0,4,100,100,0,0,7,104,588,100,100,0.1273880353,27.4190139999,25.0000000000,16.4955534999,1.0000000000,0.9680640000,217.3410022478
135,100,0,6,100,100,0,0,7,106,782,100,100,0.1761370049,27.2428769950,16.6666666667,16.3272658172,1.0000000000,0.9704960000,216.7963597995
136,100,0,3,100,100,0,0,7,103,491,100,100,0.1039916572,27.1388853378,33.3333333333,16.5796985764,1.0000000000,0.9668480000,217.6143509631
137,100,0,4,100,100,0,0,7,104,588,100,100,0.1284866335,27.0103987043,25.0000000000,16.4955993692,1.0000000000,0.9680640000,217.3410022478
138,100,0,6,100,100,0,0,7,106,782,100,100,0.1744804334,26.8359182709,16.6666666667,16.3272471672,1.0000000000,0.9704960000,216.7963597995
139,100,0,2,100,100,0,0,7,102,394,100,100,0.0812222008,26.7546960700,50.0000000000,16.6638770877,1.0000000000,0.9656320000,217.8883881230
140,100,0,7,100,100,0,0,7,107,879,100,100,0.1986703704,26.5560256996,14.2857142857,16.2430697620,1.0000000000,0.9717120000,216.5250609234
141,100,0,3,100,100,0,0,8,103,491,100,100,0.1133213096,26.4427043900,33.3333333333,16.5799036297,1.0000000000,0.9668480000,217.6143509631
142,100,0,5,100,100,0,0,8,105,685,100,100,0.1516758690,26.2910285210,20.0000000000,16.4113876935,1.0000000000,0.9692800000,217.0683393859
143,100,0,3,100,100,0,0,8,103,491,100,100,0.1055477673,26.1854807538,33.3333333333,16.5797426434,1.0000000000,0.9668480000,217.6143509631
144,100,0,7,100,100,0,0,8,107,879,100,100,0.1987375158,25.9867432379,14.2857142857,16.2430950175,1.0000000000,0.9717120000,216.5250609234
145,100,0,3,100,100,0,0,8,103,491,100,100,0.1036591272,25.8830841108,33.3333333333,16.5796887653,1.0000000000,0.9668480000,217.6143509631
146,100,0,6,100,100,0,0,8,106,782,100,100,0.1761783308,25.7069057800,16.6666666667,16.3272639585,1.0000000000,0.9704960000,216.7963597995
147,100,0,7,100,100,0,0,8,107,879,100,100,0.1986917610,25.5082140189,14.2857142857,16.2430542682,1.0000000000,0.9717120000,216.5250609234
148,100,0,1,100,100,0,0,8,101,297,100,100,0.0714864846,25.4367275344,100.0000000000,16.7482816917,1.0000000000,0.9644160000,218.1631163315
149,100,0,4,100,100,0,0,8,104,588,100,100,0.1275172898,25.3092102446,25.0000000000,16.4955517232,1.0000000000,0.9680640000,217.3410022478
150,100,0,6,100,100,0,0,8,106,782,100,100,0.1750543151,25.1341559295,16.6666666667,16.3272464655,1.0000000000,0.9704960000,216.7963597995
151,100,0,6,100,100,0,0,8,106,782,100,100,0.1750174263,24.9591385032,16.6666666667,16.3272593108,1.0000000000,0.9704960000,216.7963597995
152,100,0,5,100,100,0,0,8,105,685,100,100,0.1509316171,24.8082068862,20.0000000000,16.4113850065,1.0000000000,0.9692800000,217.0683393859
153,100,0,5,100,100,0,0,8,105,685,100,100,0.1505071042,24.6576997820,20.0000000000,16.4114061159,1.0000000000,0.9692800000,217.0683393859
154,100,0,1,100,100,0,0,8,101,297,100,100,0.0613372939,24.5963624881,100.0000000000,16.7481533667,1.0000000000,0.9644160000,218.1631163315
155,100,0,3,100,100,0,0,8,103,491,100,100,0.1060669736,24.4902955145,33.3333333333,16.5797613084,1.0000000000,0.9668480000,217.6143509631
156,100,0,5,100,100,0,0,8,105,685,100,100,0.1513733622,24.3389221523,20.0000000000,16.4114046348,1.0000000000,0.9692800000,217.0683393859
157,100,0,13,100,100,0,0,8,112,1461,100,100,0.3422018630,23.9967202892,7.6923076923,15.7380843353,1.0000000000,0.9777920000,215.1786883100
158,100,0,7,100,100,0,0,8,107,879,100,100,0.1988116439,23.7979086454,14.2857142857,16.2430803584,1.0000000000,0.9717120000,216.5250609234
159,100,0,7,100,100,0,0,8,107,879,100,100,0.1987069228,23.5992017226,14.2857142857,16.2430668057,1.0000000000,0.9717120000,216.5250609234
160,100,0,3,100,100,0,0,8,103,491,100,100,0.1036791827,23.4955225398,33.3333333333,16.5796833793,1.0000000000,0.9668480000,217.6143509631
161,100,0,6,100,100,0,0,9,106,782,100,100,0.1757060005,23.3198165394,16.6666666667,16.3272423488,1.0000000000,0.9704960000,216.7963597995
162,100,0,5,100,100,0,0,9,105,685,100,100,0.1510511439,23.1687653954,20.0000000000,16.4113796926,1.0000000000,0.9692800000,217.0683393859
163,100,0,4,100,100,0,0,9,104,588,100,100,0.1272572860,23.0415081095,25.0000000000,16.4955431965,1.0000000000,0.9680640000,217.3410022478
164,100,0,2,100,100,0,0,9,102,394,100,100,0.0832798525,22.9582282570,50.0000000000,16.6639380707,1.0000000000,0.9656320000,217.8883881230
165,100,0,6,100,100,0,0,9,106,782,100,100,0.1750701392,22.7831581178,16.6666666667,16.3272220139,1.0000000000,0.9704960000,216.7963597995
166,100,0,6,100,100,0,0,9,106,782,100,100,0.1744457038,22.6087124141,16.6666666667,16.3272282121,1.0000000000,0.9704960000,216.7963597995
167,100,0,3,100,100,0,0,9,103,491,100,100,0.1038238434,22.5048885707,33.3333333333,16.5797270268,1.0000000000,0.9668480000,217.6143509631
168,100,0,5,100,100,0,0,9,105,685,100,100,0.1515989031,22.3532896676,20.0000000000,16.4113967387,1.0000000000,0.9692800000,217.0683393859
169,100,0,6,100,100,0,0,9,106,782,100,100,0.1746669090,22.1786227586,16.6666666667,16.3272289541,1.0000000000,0.9704960000,216.7963597995
170,100,0,2,100,100,0,0,9,102,394,100,100,0.0837590653,22.0948636933,50.0000000000,16.6639916301,1.0000000000,0.9656320000,217.8883881230
171,100,0,5,100,100,0,0,9,105,685,100,100,0.1508396687,21.9440240246,20.0000000000,16.4114395737,1.0000000000,0.9692800000,217.0683393859
172,100,0,4,100,100,0,0,9,104,588,100,100,0.1283751675,21.8156488571,25.0000000000,16.4956210168,1.0000000000,0.9680640000,217.3410022478
173,100,0,4,100,100,0,0,9,104,588,100,100,0.1272388527,21.6884100044,25.0000000000,16.4955819062,1.0000000000,0.9680640000,217.3410022478
174,100,0,4,100,100,0,0,9,104,588,100,100,0.1273819219,21.5610280826,25.0000000000,16.4955599045,1.0000000000,0.9680640000,217.3410022478
175,100,0,10,100,100,0,0,9,109,1170,100,100,0.2707704501,21.2902576325,10.0000000000,15.9905841602,1.0000000000,0.9741440000,215.9844951054
176,100,0,8,100,100,0,0,9,108,976,100,100,0.2233206298,21.0669370026,12.5000000000,16.1588851515,1.0000000000,0.9729280000,216.2544402052
177,100,0,4,100,100,0,0,9,104,588,100,100,0.1266050093,20.9403319933,25.0000000000,16.4955571595,1.0000000000,0.9680640000,217.3410022478
178,100,0,8,100,100,0,0,9,108,976,100,100,0.2225402186,20.7177917747,12.5000000000,16.1589206149,1.0000000000,0.9729280000,216.2544402052
179,100,0,5,100,100,0,0,9,105,685,100,100,0.1507879480,20.5670038267,20.0000000000,16.4113900683,1.0000000000,0.9692800000,217.0683393859
180,100,0,3,100,100,0,0,9,103,491,100,100,0.1037694708,20.4632343559,33.3333333333,16.5796861003,1.0000000000,0.9668480000,217.6143509631
181,100,0,6,100,100,0,0,10,106,782,100,100,0.1748364377,20.2883979181,16.6666666667,16.3272324078,1.0000000000,0.9704960000,216.7963597995
182,100,0,8,100,100,0,0,10,108,976,100,100,0.2221496903,20.0662482279,12.5000000000,16.1589010701,1.0000000000,0.9729280000,216.2544402052
183,100,0,1,100,100,0,0,10,101,297,100,100,0.0586391154,20.0076091125,100.0000000000,16.7480639530,1.0000000000,0.9644160000,218.1631163315
184,100,0,6,100,100,0,0,10,106,782,100,100,0.1746117501,19.8329973623,16.6666666667,16.3272490682,1.0000000000,0.9704960000,216.7963597995
185,100,0,4,100,100,0,0,10,104,588,100,100,0.1271684983,19.7058288640,25.0000000000,16.4955398773,1.0000000000,0.9680640000,217.3410022478
186,100,0,3,100,100,0,0,10,103,491,100,100,0.1044214392,19.6014074248,33.3333333333,16.5796773445,1.0000000000,0.9668480000,217.6143509631
187,100,0,6,100,100,0,0,10,106,782,100,100,0.1773984529,19.4240089719,16.6666666667,16.3272697506,1.0000000000,0.9704960000,216.7963597995
188,100,0,8,100,100,0,0,10,108,976,100,100,0.2224389218,19.2015700501,12.5000000000,16.1589079212,1.0000000000,0.9729280000,216.2544402052
189,100,0,4,100,100,0,0,10,104,588,100,100,0.1282522321,19.0733178180,25.0000000000,16.4955283371,1.0000000000,0.9680640000,217.3410022478
190,100,0,6,100,100,0,0,10,106,782,100,100,0.1750974426,18.8982203753,16.6666666667,16.3272585986,1.0000000000,0.9704960000,216.7963597995
191,100,0,7,100,100,0,0,10,107,879,100,100,0.1991290410,18.6990913343,14.2857142857,16.2431068166,1.0000000000,0.9717120000,216.5250609234
192,100,0,4,100,100,0,0,10,104,588,100,100,0.1275408962,18.5715504381,25.0000000000,16.4955444402,1.0000000000,0.9680640000,217.3410022478
193,100,0,7,100,100,0,0,10,107,879,100,100,0.1985393507,18.3730110874,14.2857142857,16.2430411818,1.0000000000,0.9717120000,216.5250609234
194,100,0,5,100,100,0,0,10,105,685,100,100,0.1513544454,18.2216566420,20.0000000000,16.4114039242,1.0000000000,0.9692800000,217.0683393859
195,100,0,6,100,100,0,0,10,106,782,100,100,0.1748749336,18.0467817084,16.6666666667,16.3272184140,1.0000000000,0.9704960000,216.7963597995
196,100,0,5,100,100,0,0,10,105,685,100,100,0.1516442685,17.8951374399,20.0000000000,16.4113922293,1.0000000000,0.9692800000,217.0683393859
197,100,0,4,100,100,0,0,10,104,588,100,100,0.1279760668,17.7671613731,25.0000000000,16.4955400001,1.0000000000,0.9680640000,217.3410022478
198,100,0,4,100,100,0,0,10,104,588,100,100,0.1285279201,17.6386334530,25.0000000000,16.4955820836,1.0000000000,0.9680640000,217.3410022478
199,100,0,2,100,100,0,0,10,102,394,100,100,0.0814524682,17.5571809848,50.0000000000,16.6639447148,1.0000000000,0.9656320000,217.8883881230
200,100,0,4,100,100,0,0,10,104,588,100,100,0.1285753268,17.4286056580,25.0000000000,16.4955706446,1.0000000000,0.9680640000,217.3410022478
201,100,0,8,100,100,0,0,11,108,976,100,100,0.2224763866,17.2061292714,12.5000000000,16.1589035178,1.0000000000,0.9729280000,216.2544402052
202,100,0,1,100,100,0,0,11,101,297,100,100,0.0673650136,17.1387642578,100.0000000000,16.7482409956,1.0000000000,0.9644160000,218.1631163315
203,100,0,3,100,100,0,0,11,103,491,100,100,0.1038271254,17.0349371324,33.3333333333,16.5797060689,1.0000000000,0.9668480000,217.6143509631
204,100,0,4,100,100,0,0,11,104,588,100,100,0.1271016297,16.9078355027,25.0000000000,16.4955520530,1.0000000000,0.9680640000,217.3410022478
205,100,0,7,100,100,0,0,11,107,879,100,100,0.1981787136,16.7096567891,14.2857142857,16.2430530592,1.0000000000,0.9717120000,216.5250609234
206,100,0,10,100,100,0,0,11,110,1170,100,100,0.2700698413,16.4395869478,10.0000000000,15.9905751564,1.0000000000,0.9753600000,215.7152230971
207,100,0,6,100,100,0,0,11,106,782,100,100,0.1742367591,16.2653501887,16.6666666667,16.3272178152,1.0000000000,0.9704960000,216.7963597995
208,100,0,10,100,100,0,0,11,110,1170,100,100,0.2702345717,15.9951156170,10.0000000000,15.9905682043,1.0000000000,0.9753600000,215.7152230971
209,100,0,3,100,100,0,0,11,103,491,100,100,0.1059338626,15.8891817544,33.3333333333,16.5797983402,1.0000000000,0.9668480000,217.6143509631
210,100,0,1,100,100,0,0,11,101,297,100,100,0.0591338167,15.8300479377,100.0000000000,16.7480671728,1.0000000000,0.9644160000,218.1631163315
211,100,0,8,100,100,0,0,11,108,976,100,100,0.2223322930,15.6077156447,12.5000000000,16.1588925261,1.0000000000,0.9729280000,216.2544402052
212,100,0,4,100,100,0,0,11,104,588,100,100,0.1274037393,15.4803119054,25.0000000000,16.4955400653,1.0000000000,0.9680640000,217.3410022478
213,100,0,3,100,100,0,0,11,103,491,100,100,0.1039879452,15.3763239602,33.3333333333,16.5797001856,1.0000000000,0.9668480000,217.6143509631
214,100,0,4,100,100,0,0,11,104,588,100,100,0.1274227782,15.2489011819,25.0000000000,16.4955911775,1.0000000000,0.9680640000,217.3410022478
215,100,0,4,100,100,0,0,11,104,588,100,100,0.1284415687,15.1204596133,25.0000000000,16.4956244728,1.0000000000,0.9680640000,217.3410022478
216,100,0,7,100,100,0,0,11,107,879,100,100,0.1981546182,14.9223049951,14.2857142857,16.2430613952,1.0000000000,0.9717120000,216.5250609234
217,100,0,4,100,100,0,0,11,104,588,100,100,0.1269511774,14.7953538177,25.0000000000,16.4955610994,1.0000000000,0.9680640000,217.3410022478
218,100,0,6,100,100,0,0,11,106,782,100,100,0.1751710257,14.6201827920,16.6666666667,16.3272826367,1.0000000000,0.9704960000,216.7963597995
219,100,0,4,100,100,0,0,11,104,588,100,100,0.1268881892,14.4932946028,25.0000000000,16.4955245080,1.0000000000,0.9680640000,217.3410022478
220,100,0,3,100,100,0,0,11,103,491,100,100,0.1037150674,14.3895795354,33.3333333333,16.5797621629,1.0000000000,0.9668480000,217.6143509631
221,100,0,6,100,100,0,0,12,106,782,100,100,0.1743259444,14.2152535910,16.6666666667,16.3272251183,1.0000000000,0.9704960000,216.7963597995
222,100,0,6,100,100,0,0,12,106,782,100,100,0.1751701561,14.0400834348,16.6666666667,16.3272690943,1.0000000000,0.9704960000,216.7963597995
223,100,0,2,100,100,0,0,12,102,394,100,100,0.0804075287,13.9596759062,50.0000000000,16.6638969328,1.0000000000,0.9656320000,217.8883881230
224,100,0,4,100,100,0,0,12,104,588,100,100,0.1273774335,13.8322984727,25.0000000000,16.4956112366,1.0000000000,0.9680640000,217.3410022478
225,100,0,2,100,100,0,0,12,102,394,100,100,0.0807757771,13.7515226955,50.0000000000,16.6638883183,1.0000000000,0.9656320000,217.8883881230
226,100,0,11,100,100,0,0,12,111,1267,100,100,0.2941661719,13.4573565237,9.0909090909,15.9064142210,1.0000000000,0.9765760000,215.4466216659
227,100,0,5,100,100,0,0,12,105,685,100,100,0.1516183635,13.3057381601,20.0000000000,16.4113882907,1.0000000000,0.9692800000,217.0683393859
228,100,0,6,100,100,0,0,12,106,782,100,100,0.1748510087,13.1308871514,16.6666666667,16.3272283570,1.0000000000,0.9704960000,216.7963597995
229,100,0,4,100,100,0,0,12,104,588,100,100,0.1275697469,13.0033174045,25.0000000000,16.4955511059,1.0000000000,0.9680640000,217.3410022478
230,100,0,7,100,100,0,0,12,107,879,100,100,0.1985041537,12.8048132508,14.2857142857,16.2430467186,1.0000000000,0.9717120000,216.5250609234
231,100,0,1,100,100,0,0,12,101,297,100,100,0.0605071184,12.7443061324,100.0000000000,16.7481164748,1.0000000000,0.9644160000,218.1631163315
232,100,0,6,100,100,0,0,12,106,782,100,100,0.1753070882,12.5689990441,16.6666666667,16.3272167082,1.0000000000,0.9704960000,216.7963597995
233,100,0,4,100,100,0,0,12,104,588,100,100,0.1289304796,12.4400685645,25.0000000000,16.4956390061,1.0000000000,0.9680640000,217.3410022478
234,100,0,1,100,100,0,0,12,101,297,100,100,0.0645579151,12.3755106494,100.0000000000,16.7482087212,1.0000000000,0.9644160000,218.1631163315
235,100,0,5,100,100,0,0,12,105,685,100,100,0.1514601291,12.2240505203,20.0000000000,16.4113863606,1.0000000000,0.9692800000,217.0683393859
236,100,0,4,100,100,0,0,12,104,588,100,100,0.1277601608,12.0962903594,25.0000000000,16.4955466892,1.0000000000,0.9680640000,217.3410022478
237,100,0,13,100,100,0,0,12,113,1461,100,100,0.3418020984,11.7544882610,7.6923076923,15.7380815090,1.0000000000,0.9790080000,214.9114205400
238,100,0,4,100,100,0,0,12,104,588,100,100,0.1272626419,11.6272256192,25.0000000000,16.4955281918,1.0000000000,0.9680640000,217.3410022478
239,100,0,5,100,100,0,0,12,105,685,100,100,0.1515665133,11.4756591059,20.0000000000,16.4113924068,1.0000000000,0.9692800000,217.0683393859
240,100,0,4,100,100,0,0,12,103,588,100,100,0.1296996316,11.3459594742,25.0000000000,16.4956332161,1.0000000000,0.9668480000,217.6143509631
241,100,0,4,100,100,0,0,13,104,588,100,100,0.1273190602,11.2186404141,25.0000000000,16.4955839733,1.0000000000,0.9680640000,217.3410022478
242,100,0,3,100,100,0,0,13,103,491,100,100,0.1036755356,11.1149648784,33.3333333333,16.5797235809,1.0000000000,0.9668480000,217.6143509631
243,100,0,3,100,100,0,0,13,103,491,100,100,0.1054419053,11.0095229731,33.3333333333,16.5797918831,1.0000000000,0.9668480000,217.6143509631
244,100,0,9,100,100,0,0,13,109,1073,100,100,0.2459906606,10.7635323125,11.1111111111,16.0747278087,1.0000000000,0.9741440000,215.9844951054
245,100,0,5,100,100,0,0,13,105,685,100,100,0.1502944148,10.6132378977,20.0000000000,16.4113693606,1.0000000000,0.9692800000,217.0683393859
246,100,0,4,100,100,0,0,13,104,588,100,100,0.1268442951,10.4863936026,25.0000000000,16.4955326469,1.0000000000,0.9680640000,217.3410022478
247,100,0,7,100,100,0,0,13,107,879,100,100,0.1985118805,10.2878817221,14.2857142857,16.2430465957,1.0000000000,0.9717120000,216.5250609234
248,100,0,5,100,100,0,0,13,104,685,100,100,0.1517636511,10.1361180709,20.0000000000,16.4114156948,1.0000000000,0.9680640000,217.3410022478
249,100,0,6,100,100,0,0,13,106,782,100,100,0.1743089909,9.9618090801,16.6666666667,16.3272225229,1.0000000000,0.9704960000,216.7963597995
250,100,0,7,100,100,0,0,13,107,879,100,100,0.1988108148,9.7629982652,14.2857142857,16.2431139731,1.0000000000,0.9717120000,216.5250609234
251,100,0,2,100,100,0,0,13,102,394,100,100,0.0879898368,9.6750084285,50.0000000000,16.6640402297,1.0000000000,0.9656320000,217.8883881230
252,100,0,5,100,100,0,0,13,105,685,100,100,0.1509203445,9.5240880840,20.0000000000,16.4114206234,1.0000000000,0.9692800000,217.0683393859
253,100,0,4,100,100,0,0,13,104,588,100,100,0.1265942552,9.3974938289,25.0000000000,16.4955471922,1.0000000000,0.9680640000,217.3410022478
254,100,0,3,100,100,0,0,13,103,491,100,100,0.1050441036,9.2924497253,33.3333333333,16.5797512349,1.0000000000,0.9668480000,217.6143509631
255,100,0,4,100,100,0,0,13,104,588,100,100,0.1277945000,9.1646552253,25.0000000000,16.4955899682,1.0000000000,0.9680640000,217.3410022478
256,100,0,6,100,100,0,0,13,106,782,100,100,0.1744435113,8.9902117140,16.6666666667,16.3272253719,1.0000000000,0.9704960000,216.7963597995
257,100,0,8,100,100,0,0,13,108,976,100,100,0.2222527102,8.7679590038,12.5000000000,16.1589070849,1.0000000000,0.9729280000,216.2544402052
258,100,0,6,100,100,0,0,13,106,782,100,100,0.1749019030,8.5930571008,16.6666666667,16.3272060843,1.0000000000,0.9704960000,216.7963597995
259,100,0,4,100,100,0,0,13,104,588,100,100,0.1302411645,8.4628159363,25.0000000000,16.4956230368,1.0000000000,0.9680640000,217.3410022478
260,100,0,5,100,100,0,0,13,105,685,100,100,0.1514735770,8.3113423594,20.0000000000,16.4113918119,1.0000000000,0.9692800000,217.0683393859
261,100,0,6,100,100,0,0,14,106,782,100,100,0.1753020056,8.1360403538,16.6666666667,16.3272611902,1.0000000000,0.9704960000,216.7963597995
262,100,0,5,100,100,0,0,14,105,685,100,100,0.1504517181,7.9855886357,20.0000000000,16.4113893292,1.0000000000,0.9692800000,217.0683393859
263,100,0,7,100,100,0,0,14,107,879,100,100,0.1998351061,7.7857535296,14.2857142857,16.2430947578,1.0000000000,0.9717120000,216.5250609234
264,100,0,4,100,100,0,0,14,104,588,100,100,0.1275963106,7.6581572190,25.0000000000,16.4955767557,1.0000000000,0.9680640000,217.3410022478
265,100,0,8,100,100,0,0,14,108,976,100,100,0.2222410746,7.4359161444,12.5000000000,16.1588874686,1.0000000000,0.9729280000,216.2544402052
266,100,0,6,100,100,0,0,14,106,782,100,100,0.1764622165,7.2594539279,16.6666666667,16.3272345366,1.0000000000,0.9704960000,216.7963597995
267,100,0,5,100,100,0,0,14,105,685,100,100,0.1508294207,7.1086245072,20.0000000000,16.4114095213,1.0000000000,0.9692800000,217.0683393859
268,100,0,5,100,100,0,0,14,105,685,100,100,0.1515814043,6.9570431029,20.0000000000,16.4113872985,1.0000000000,0.9692800000,217.0683393859
269,100,0,4,100,100,0,0,14,104,588,100,100,0.1286345141,6.8284085888,25.0000000000,16.4956201572,1.0000000000,0.9680640000,217.3410022478
270,100,0,3,100,100,0,0,14,103,491,100,100,0.1041931340,6.7242154548,33.3333333333,16.5797361247,1.0000000000,0.9668480000,217.6143509631
271,100,0,4,100,100,0,0,14,104,588,100,100,0.1274495407,6.5967659141,25.0000000000,16.4955318932,1.0000000000,0.9680640000,217.3410022478
272,100,0,6,100,100,0,0,14,106,782,100,100,0.1749944727,6.4217714414,16.6666666667,16.3272355747,1.0000000000,0.9704960000,216.7963597995
273,100,0,3,100,100,0,0,14,103,491,100,100,0.1039850235,6.3177864178,33.3333333333,16.5797713205,1.0000000000,0.9668480000,217.6143509631
274,100,0,5,100,100,0,0,14,105,685,100,100,0.1505566632,6.1672297546,20.0000000000,16.4113796598,1.0000000000,0.9692800000,217.0683393859
275,100,0,5,100,100,0,0,14,105,685,100,100,0.1519501778,6.0152795768,20.0000000000,16.4114597094,1.0000000000,0.9692800000,217.0683393859
276,100,0,2,100,100,0,0,14,102,394,100,100,0.0808284605,5.9344511162,50.0000000000,16.6638756634,1.0000000000,0.9656320000,217.8883881230
277,100,0,8,100,100,0,0,14,107,976,100,100,0.2232155737,5.7112355425,12.5000000000,16.1588870854,1.0000000000,0.9717120000,216.5250609234
278,100,0,6,100,100,0,0,14,106,782,100,100,0.1760810325,5.5351545100,16.6666666667,16.3272504010,1.0000000000,0.9704960000,216.7963597995
279,100,0,7,100,100,0,0,14,107,879,100,100,0.1987059937,5.3364485163,14.2857142857,16.2430454636,1.0000000000,0.9717120000,216.5250609234
280,100,0,1,100,100,0,0,14,101,297,100,100,0.0669641702,5.2694843460,100.0000000000,16.7482478594,1.0000000000,0.9644160000,218.1631163315
281,100,0,8,100,100,0,0,15,108,976,100,100,0.2221797238,5.0473046223,12.5000000000,16.1588843304,1.0000000000,0.9729280000,216.2544402052
282,100,0,10,100,100,0,0,15,110,1170,100,100,0.2702768133,4.7770278089,10.0000000000,15.9905621874,1.0000000000,0.9753600000,215.7152230971
283,100,0,3,100,100,0,0,15,103,491,100,100,0.1043318436,4.6726959654,33.3333333333,16.5797330925,1.0000000000,0.9668480000,217.6143509631
284,99,1,1,100,0,100,0,15,101,297,99,99,0.0543228450,4.6183731204,1.0000000000,0.0000000000,0.0000000000,0.9560000000,0.0000000000
285,99,1,6,99,99,0,0,15,105,774,99,99,0.1742707189,4.4441024015,16.5000000000,16.3221472536,1.0000000000,0.9608640000,216.7798980917
286,98,2,2,99,32,67,0,15,101,390,98,98,0.0796721557,4.3644302458,16.5000000000,16.5692621592,0.3232323232,0.9475840000,71.0522761043
287,98,2,4,98,98,0,0,15,102,576,98,98,0.1275454241,4.2368848217,24.5000000000,16.4887218086,1.0000000000,0.9488000000,217.3187183811
288,97,3,9,97,97,0,0,15,106,1047,97,97,0.2451716038,3.9917132179,10.7777777778,16.0512984378,1.0000000000,0.9452480000,215.9094756085
289,97,3,7,97,97,0,0,15,104,852,97,97,0.1977489614,3.7939642565,13.8571428571,16.2248458866,1.0000000000,0.9428160000,216.4664155042
290,97,3,6,97,97,0,0,15,103,758,97,97,0.1737928399,3.6201714166,16.1666666667,16.3115985854,1.0000000000,0.9416000000,216.7459643161
291,97,3,4,97,97,0,0,15,101,570,97,97,0.1299102245,3.4902611921,24.2500000000,16.4852151968,1.0000000000,0.9391680000,217.3072336366
292,97,3,7,97,97,0,0,15,104,852,97,97,0.1971060020,3.2931551901,13.8571428571,16.2248585323,1.0000000000,0.9428160000,216.4664155042
293,97,3,3,97,97,0,0,15,100,476,97,97,0.1043880068,3.1887671833,32.3333333333,16.5719596942,1.0000000000,0.9379520000,217.5889597762
294,97,3,3,97,97,0,0,15,100,476,97,97,0.1030933600,3.0856738233,32.3333333333,16.5718814682,1.0000000000,0.9379520000,217.5889597762
295,97,3,2,97,97,0,0,15,99,382,97,97,0.0824348693,3.0032389540,48.5000000000,16.6587800025,1.0000000000,0.9367360000,217.8714173470
296,97,3,5,97,97,0,0,15,102,664,97,97,0.1516971383,2.8515418157,19.4000000000,16.3984202160,1.0000000000,0.9403840000,217.0262360908
297,97,3,5,97,97,0,0,15,102,664,97,97,0.1526799084,2.6988619074,19.4000000000,16.3984381376,1.0000000000,0.9403840000,217.0262360908
298,97,3,2,97,97,0,0,15,99,382,97,97,0.0805615243,2.6183003831,48.5000000000,16.6587311500,1.0000000000,0.9367360000,217.8714173470
299,97,3,5,97,97,0,0,15,102,664,97,97,0.1499834348,2.4683169483,19.4000000000,16.3983810689,1.0000000000,0.9403840000,217.0262360908
300,97,3,8,97,97,0,0,15,105,946,97,97,0.2213492034,2.2469677449,12.1250000000,16.1380711622,1.0000000000,0.9440320000,216.1875868615
301,92,8,7,97,13,84,0,16,104,852,92,92,0.1431603311,2.1038074138,2.5714285714,15.5374242893,0.1340206186,0.9007360000,30.3662782436
302,91,9,5,92,52,40,0,16,97,629,91,91,0.1334046789,1.9704027349,10.6000000000,16.1848684425,0.5652173913,0.8838080000,123.7915927441
303,86,14,9,91,63,28,0,16,100,974,86,86,0.1946280738,1.7757746612,7.5555555556,16.2978511477,0.6923076923,0.8453760000,156.7965023847
304,80,20,8,86,27,59,0,16,94,836,80,80,0.1587665140,1.6170081472,4.1250000000,16.2087897415,0.3139534884,0.7875840000,72.1294490492
305,79,21,5,80,67,13,0,16,85,545,79,79,0.1365382523,1.4804698948,13.6000000000,16.3297977327,0.8375000000,0.7682240000,183.4985629191
306,77,23,3,79,18,61,0,16,82,386,48,48,0.0570638093,1.4234060855,6.6666666667,16.3646627986,0.2278481013,0.5036800000,75.1905972046
307,74,26,3,77,0,77,0,16,80,376,64,64,0.0562447289,1.3671613566,1.0000000000,0.0000000000,0.0000000000,0.6359040000,0.0000000000
308,71,29,4,73,30,43,0,16,77,426,49,49,0.0779987779,1.2891625787,8.0000000000,16.2712078491,0.4109589041,0.5060160000,124.7391386834
309,67,33,5,70,13,57,0,16,75,478,64,64,0.1190354101,1.1701271686,3.4000000000,15.5374279830,0.1857142857,0.6298240000,43.4280052840
310,63,37,6,64,47,17,0,16,70,500,62,62,0.1603719862,1.0097551824,8.1666666667,15.9369039341,0.7343750000,0.6069120000,162.9363070758
311,59,41,6,62,29,33,0,16,68,482,59,59,0.1247154070,0.8850397754,5.3333333333,15.9616135772,0.4677419355,0.5792320000,105.3394840064
312,58,42,4,59,39,20,0,16,63,342,55,55,0.1014346481,0.7836051272,10.5000000000,16.1848863055,0.6610169492,0.5394880000,152.0997686696
313,52,48,4,55,15,40,0,16,58,323,51,51,0.0832210520,0.7003840752,4.5000000000,16.2711623732,0.2727272727,0.4997440000,63.1523339950
314,48,52,4,51,14,37,0,16,55,294,48,48,0.0975294431,0.6028546321,4.2500000000,16.2311221100,0.2745098039,0.4708480000,62.5594671741
315,46,54,3,48,6,42,0,16,51,231,46,46,0.0615556318,0.5412990003,2.6666666667,15.4295847179,0.1250000000,0.4491520000,28.1062980906
316,43,57,8,46,26,20,0,16,53,436,42,42,0.1765824474,0.3647165529,3.6250000000,15.2137321869,0.5652173913,0.4179200000,130.8958652374
317,39,61,3,42,0,42,0,16,46,205,37,37,0.0571184230,0.3075981299,1.0000000000,0.0000000000,0.0000000000,0.3673280000,0.0000000000
318,35,65,4,38,3,35,0,16,42,216,34,34,0.0818996699,0.2256984600,1.5000000000,14.0268250617,0.0789473684,0.3372160000,18.7179730499
319,35,65,1,35,31,4,0,16,36,102,31,31,0.0362409774,0.1894574826,35.0000000000,16.5608898852,0.8857142857,0.3046720000,214.0794034240
320,31,69,3,33,8,25,0,16,36,158,29,29,0.0643997453,0.1250577373,3.3333333333,15.7802496759,0.2424242424,0.2878400000,58.4769316287
321,0,100,0,0,0,0,0,17,20,48,0,0,0.1250577373,0.0000000000,0.0000000000,0.0000000000,0.0000000000,0.0243200000,0.0000000000
