Round,Alive,Dead,CH_Count,Generated,Delivered,Lost,Unclustered,Control_TX,Control_RX,Data_TX,Data_RX,Energy_Used_J,Residual_Energy_J,Avg_Cluster_Size,Avg_Delay_ms,PDR,Round_Duration_s,Throughput_kbps
1,100,0,2,100,100,0,0,102,394,100,100,0.0304011666,49.9695988334,50.0000000000,15.8402136909,1.0000000000,0.8816000000,226.8602540835
2,100,0,1,100,100,0,0,101,297,100,100,0.0336852790,49.9359135544,100.0000000000,15.9203315524,1.0000000000,0.8808000000,227.0663033606
3,100,0,1,100,100,0,0,101,297,100,100,0.0297106111,49.9062029433,100.0000000000,15.9202076673,1.0000000000,0.8808000000,227.0663033606
4,100,0,1,100,100,0,0,101,297,100,100,0.0294397017,49.8767632416,100.0000000000,15.9201889047,1.0000000000,0.8808000000,227.0663033606
5,100,0,2,100,100,0,0,102,394,100,100,0.0308344728,49.8459287689,50.0000000000,15.8403056714,1.0000000000,0.8816000000,226.8602540835
6,100,0,1,100,100,0,0,101,297,100,100,0.0298632279,49.8160655410,100.0000000000,15.9202106196,1.0000000000,0.8808000000,227.0663033606
7,100,0,1,100,100,0,0,101,297,100,100,0.0305638573,49.7855016837,100.0000000000,15.9202413581,1.0000000000,0.8808000000,227.0663033606
8,100,0,1,100,100,0,0,101,297,100,100,0.0307089207,49.7547927629,100.0000000000,15.9202510296,1.0000000000,0.8808000000,227.0663033606
9,100,0,10,100,100,0,0,110,1170,100,100,0.0348873166,49.7199054463,10.0000000000,15.2001708095,1.0000000000,0.8880000000,225.2252252252
10,100,0,13,100,100,0,0,113,1461,100,100,0.0376947150,49.6822107314,7.6923076923,14.9601573159,1.0000000000,0.8904000000,224.6181491465
11,100,0,2,100,100,0,0,102,394,100,100,0.0300268447,49.6521838866,50.0000000000,15.8402697530,1.0000000000,0.8816000000,226.8602540835
12,100,0,2,100,100,0,0,102,394,100,100,0.0303459198,49.6218379669,50.0000000000,15.8402380672,1.0000000000,0.8816000000,226.8602540835
13,100,0,2,100,100,0,0,102,394,100,100,0.0287624842,49.5930754827,50.0000000000,15.8401957094,1.0000000000,0.8816000000,226.8602540835
14,100,0,1,100,100,0,0,101,297,100,100,0.0375473524,49.5555281303,100.0000000000,15.9204078594,1.0000000000,0.8808000000,227.0663033606
15,100,0,14,100,100,0,0,114,1558,100,100,0.0390734032,49.5164547271,7.1428571429,14.8801760552,1.0000000000,0.8912000000,224.4165170557
16,100,0,3,100,100,0,0,103,491,100,100,0.0294468011,49.4870079260,33.3333333333,15.7602110538,1.0000000000,0.8824000000,226.6545784225
17,100,0,1,100,100,0,0,101,297,100,100,0.0331826188,49.4538253072,100.0000000000,15.9203157759,1.0000000000,0.8808000000,227.0663033606
18,100,0,2,100,100,0,0,102,394,100,100,0.0307432331,49.4230820741,50.0000000000,15.8402401334,1.0000000000,0.8816000000,226.8602540835
19,100,0,18,100,100,0,0,116,1946,100,100,0.0427461911,49.3803358830,5.5555555556,14.5601689365,1.0000000000,0.8928000000,224.0143369176
20,100,0,3,100,100,0,0,103,491,100,100,0.0295003132,49.3508355698,33.3333333333,15.7601962408,1.0000000000,0.8824000000,226.6545784225
21,100,0,12,100,100,0,0,112,1364,100,100,0.0369645109,49.3138710589,8.3333333333,15.0401743270,1.0000000000,0.8896000000,224.8201438849
22,100,0,9,100,100,0,0,108,1073,100,100,0.0345049311,49.2793661278,11.1111111111,15.2801878409,1.0000000000,0.8864000000,225.6317689531
23,100,0,8,100,100,0,0,108,976,100,100,0.0333274117,49.2460387161,12.5000000000,15.3601989014,1.0000000000,0.8864000000,225.6317689531
24,100,0,22,100,100,0,0,119,2334,100,100,0.0465987132,49.1994400029,4.5454545455,14.2401536665,1.0000000000,0.8952000000,223.4137622878
25,100,0,2,100,100,0,0,102,394,100,100,0.0384633426,49.1609766603,50.0000000000,15.8404014423,1.0000000000,0.8816000000,226.8602540835
26,100,0,11,100,100,0,0,111,1267,100,100,0.0356337532,49.1253429071,9.0909090909,15.1201612345,1.0000000000,0.8888000000,225.0225022502
27,100,0,4,100,100,0,0,104,588,100,100,0.0332065644,49.0921363427,25.0000000000,15.6802360843,1.0000000000,0.8832000000,226.4492753623
28,100,0,3,100,100,0,0,103,491,100,100,0.0316708246,49.0604655182,33.3333333333,15.7603090118,1.0000000000,0.8824000000,226.6545784225
29,100,0,10,100,100,0,0,110,1170,100,100,0.0348087742,49.0256567440,10.0000000000,15.2001598838,1.0000000000,0.8880000000,225.2252252252
30,100,0,6,100,100,0,0,106,782,100,100,0.0312385970,48.9944181470,16.6666666667,15.5201897645,1.0000000000,0.8848000000,226.0397830018
31,100,0,3,100,100,0,0,103,491,100,100,0.0290921357,48.9653260113,33.3333333333,15.7601987901,1.0000000000,0.8824000000,226.6545784225
32,100,0,11,100,100,0,0,111,1267,100,100,0.0357344658,48.9295915455,9.0909090909,15.1201634276,1.0000000000,0.8888000000,225.0225022502
33,100,0,8,100,100,0,0,108,976,100,100,0.0328971180,48.8966944275,12.5000000000,15.3601642742,1.0000000000,0.8864000000,225.6317689531
34,100,0,36,100,100,0,0,127,3692,100,100,0.0607651174,48.8359293100,2.7777777778,13.1201448246,1.0000000000,0.9016000000,221.8278615794
35,100,0,5,100,100,0,0,105,685,100,100,0.0316701143,48.8042591957,20.0000000000,15.6002451352,1.0000000000,0.8840000000,226.2443438914
36,100,0,21,100,100,0,0,119,2237,100,100,0.0457558960,48.7585032996,4.7619047619,14.3201621813,1.0000000000,0.8952000000,223.4137622878
37,100,0,11,100,100,0,0,111,1267,100,100,0.0357887200,48.7227145797,9.0909090909,15.1201720638,1.0000000000,0.8888000000,225.0225022502
38,100,0,11,100,100,0,0,111,1267,100,100,0.0358452938,48.6868692858,9.0909090909,15.1201690630,1.0000000000,0.8888000000,225.0225022502
39,100,0,7,100,100,0,0,107,879,100,100,0.0324229059,48.6544463799,14.2857142857,15.4401597540,1.0000000000,0.8856000000,225.8355916893
40,100,0,17,100,100,0,0,116,1849,100,100,0.0417950998,48.6126512801,5.8823529412,14.6401756343,1.0000000000,0.8928000000,224.0143369176
41,100,0,2,100,100,0,0,102,394,100,100,0.0293220559,48.5833292243,50.0000000000,15.8401559998,1.0000000000,0.8816000000,226.8602540835
42,100,0,35,100,100,0,0,127,3595,100,100,0.0598109195,48.5235183048,2.8571428571,13.2001455416,1.0000000000,0.9016000000,221.8278615794
43,100,0,10,100,100,0,0,109,1170,100,100,0.0349770706,48.4885412341,10.0000000000,15.2001729402,1.0000000000,0.8872000000,225.4283137962
44,100,0,5,100,100,0,0,105,685,100,100,0.0309723662,48.4575688680,20.0000000000,15.6002186106,1.0000000000,0.8840000000,226.2443438914
45,100,0,49,100,100,0,0,123,4953,100,100,0.0737559704,48.3838128976,2.0408163265,12.0801415720,1.0000000000,0.8984000000,222.6179875334
46,100,0,4,100,100,0,0,104,588,100,100,0.0297798324,48.3540330652,25.0000000000,15.6802576235,1.0000000000,0.8832000000,226.4492753623
47,100,0,14,100,100,0,0,112,1558,100,100,0.0388375859,48.3151954793,7.1428571429,14.8801592457,1.0000000000,0.8896000000,224.8201438849
48,100,0,7,100,100,0,0,107,879,100,100,0.0326479121,48.2825475672,14.2857142857,15.4401768029,1.0000000000,0.8856000000,225.8355916893
49,100,0,11,100,100,0,0,111,1267,100,100,0.0361115685,48.2464359987,9.0909090909,15.1201850887,1.0000000000,0.8888000000,225.0225022502
50,100,0,6,100,100,0,0,106,782,100,100,0.0315234992,48.2149124996,16.6666666667,15.5201667411,1.0000000000,0.8848000000,226.0397830018
51,100,0,31,100,100,0,0,121,3207,100,100,0.0558752953,48.1590372043,3.2258064516,13.5201527140,1.0000000000,0.8968000000,223.0151650312
52,100,0,19,100,100,0,0,118,2043,100,100,0.0439697321,48.1150674721,5.2631578947,14.4801646460,1.0000000000,0.8944000000,223.6135957066
53,100,0,31,100,100,0,0,124,3207,100,100,0.0557498839,48.0593175882,3.2258064516,13.5201513180,1.0000000000,0.8992000000,222.4199288256
54,100,0,16,100,100,0,0,116,1752,100,100,0.0408210393,48.0184965489,6.2500000000,14.7201640839,1.0000000000,0.8928000000,224.0143369176
55,100,0,10,100,100,0,0,109,1170,100,100,0.0352361895,47.9832603594,10.0000000000,15.2002016785,1.0000000000,0.8872000000,225.4283137962
56,100,0,4,100,100,0,0,103,588,100,100,0.0325527330,47.9507076264,25.0000000000,15.6802525606,1.0000000000,0.8824000000,226.6545784225
57,100,0,12,100,100,0,0,112,1364,100,100,0.0365474004,47.9141602259,8.3333333333,15.0401596937,1.0000000000,0.8896000000,224.8201438849
58,100,0,4,100,100,0,0,104,588,100,100,0.0322465668,47.8819136591,25.0000000000,15.6803059853,1.0000000000,0.8832000000,226.4492753623
59,100,0,6,100,100,0,0,106,782,100,100,0.0319385536,47.8499751055,16.6666666667,15.5201996498,1.0000000000,0.8848000000,226.0397830018
60,100,0,14,100,100,0,0,114,1558,100,100,0.0386108195,47.8113642860,7.1428571429,14.8801619634,1.0000000000,0.8912000000,224.4165170557
61,100,0,6,100,100,0,0,105,782,100,100,0.0320514118,47.7793128742,16.6666666667,15.5201695770,1.0000000000,0.8840000000,226.2443438914
62,100,0,16,100,100,0,0,116,1752,100,100,0.0408563665,47.7384565077,6.2500000000,14.7201699943,1.0000000000,0.8928000000,224.0143369176
63,100,0,56,100,100,0,0,128,5632,100,100,0.0809883557,47.6574681520,1.7857142857,11.5201408357,1.0000000000,0.9024000000,221.6312056738
64,100,0,9,100,100,0,0,109,1073,100,100,0.0339460770,47.6235220750,11.1111111111,15.2801896938,1.0000000000,0.8872000000,225.4283137962
65,100,0,13,100,100,0,0,113,1461,100,100,0.0377293069,47.5857927682,7.6923076923,14.9601626549,1.0000000000,0.8904000000,224.6181491465
66,100,0,8,100,100,0,0,108,976,100,100,0.0333849571,47.5524078111,12.5000000000,15.3601732016,1.0000000000,0.8864000000,225.6317689531
67,100,0,12,100,100,0,0,111,1364,100,100,0.0368005633,47.5156072478,8.3333333333,15.0401703000,1.0000000000,0.8888000000,225.0225022502
68,100,0,8,100,100,0,0,108,976,100,100,0.0336790312,47.4819282166,12.5000000000,15.3601784242,1.0000000000,0.8864000000,225.6317689531
69,100,0,9,100,100,0,0,109,1073,100,100,0.0341535682,47.4477746484,11.1111111111,15.2801699826,1.0000000000,0.8872000000,225.4283137962
70,100,0,8,100,100,0,0,108,976,100,100,0.0332359454,47.4145387030,12.5000000000,15.3601878161,1.0000000000,0.8864000000,225.6317689531
71,100,0,20,100,100,0,0,117,2140,100,100,0.0448568467,47.3696818563,5.0000000000,14.4001494059,1.0000000000,0.8936000000,223.8137869293
72,100,0,18,100,100,0,0,117,1946,100,100,0.0426941905,47.3269876658,5.5555555556,14.5601621630,1.0000000000,0.8936000000,223.8137869293
73,100,0,36,100,100,0,0,127,3692,100,100,0.0606644173,47.2663232485,2.7777777778,13.1201448994,1.0000000000,0.9016000000,221.8278615794
74,100,0,9,100,100,0,0,109,1073,100,100,0.0341924914,47.2321307571,11.1111111111,15.2801593287,1.0000000000,0.8872000000,225.4283137962
75,100,0,5,100,100,0,0,105,685,100,100,0.0314402254,47.2006905318,20.0000000000,15.6001971778,1.0000000000,0.8840000000,226.2443438914
76,100,0,38,100,100,0,0,126,3886,100,100,0.0627144556,47.1379760762,2.6315789474,12.9601457612,1.0000000000,0.9008000000,222.0248667851
77,100,0,12,100,100,0,0,112,1364,100,100,0.0366887333,47.1012873429,8.3333333333,15.0401635919,1.0000000000,0.8896000000,224.8201438849
78,100,0,41,100,100,0,0,126,4177,100,100,0.0659428843,47.0353444586,2.4390243902,12.7201537992,1.0000000000,0.9008000000,222.0248667851
79,100,0,22,100,100,0,0,122,2334,100,100,0.0467082806,46.9886361780,4.5454545455,14.2401542120,1.0000000000,0.8976000000,222.8163992870
80,100,0,17,100,100,0,0,114,1849,100,100,0.0420263605,46.9466098175,5.8823529412,14.6401750972,1.0000000000,0.8912000000,224.4165170557
81,100,0,41,100,100,0,0,121,4177,100,100,0.0656408924,46.8809689251,2.4390243902,12.7201498087,1.0000000000,0.8968000000,223.0151650312
82,100,0,27,100,100,0,0,124,2819,100,100,0.0517195472,46.8292493779,3.7037037037,13.8401487102,1.0000000000,0.8992000000,222.4199288256
83,100,0,5,100,100,0,0,105,685,100,100,0.0310111897,46.7982381883,20.0000000000,15.6001745973,1.0000000000,0.8840000000,226.2443438914
84,100,0,22,100,100,0,0,121,2334,100,100,0.0467493613,46.7514888270,4.5454545455,14.2401605533,1.0000000000,0.8968000000,223.0151650312
85,100,0,11,100,100,0,0,111,1267,100,100,0.0361177975,46.7153710295,9.0909090909,15.1201682500,1.0000000000,0.8888000000,225.0225022502
86,100,0,10,100,100,0,0,110,1170,100,100,0.0348653486,46.6805056809,10.0000000000,15.2001857489,1.0000000000,0.8880000000,225.2252252252
87,100,0,10,100,100,0,0,110,1170,100,100,0.0349898518,46.6455158291,10.0000000000,15.2001815045,1.0000000000,0.8880000000,225.2252252252
88,100,0,10,100,100,0,0,110,1170,100,100,0.0353646254,46.6101512037,10.0000000000,15.2001718468,1.0000000000,0.8880000000,225.2252252252
89,100,0,5,100,100,0,0,105,685,100,100,0.0311098584,46.5790413454,20.0000000000,15.6002226564,1.0000000000,0.8840000000,226.2443438914
90,100,0,30,100,100,0,0,126,3110,100,100,0.0547583183,46.5242830271,3.3333333333,13.6001517844,1.0000000000,0.9008000000,222.0248667851
91,100,0,29,100,100,0,0,123,3013,100,100,0.0537033898,46.4705796373,3.4482758621,13.6801527729,1.0000000000,0.8984000000,222.6179875334
92,100,0,42,100,100,0,0,129,4274,100,100,0.0668455160,46.4037341212,2.3809523810,12.6401448120,1.0000000000,0.9032000000,221.4348981399
93,100,0,21,100,100,0,0,119,2237,100,100,0.0456702011,46.3580639201,4.7619047619,14.3201571576,1.0000000000,0.8952000000,223.4137622878
94,100,0,13,100,100,0,0,113,1461,100,100,0.0375659672,46.3204979529,7.6923076923,14.9601553601,1.0000000000,0.8904000000,224.6181491465
95,100,0,12,100,100,0,0,111,1364,100,100,0.0367194803,46.2837784726,8.3333333333,15.0401659968,1.0000000000,0.8888000000,225.0225022502
96,100,0,12,100,100,0,0,111,1364,100,100,0.0367995115,46.2469789612,8.3333333333,15.0401598280,1.0000000000,0.8888000000,225.0225022502
97,100,0,45,100,100,0,0,128,4565,100,100,0.0697276009,46.1772513603,2.2222222222,12.4001450954,1.0000000000,0.9024000000,221.6312056738
98,100,0,13,100,100,0,0,113,1461,100,100,0.0377810424,46.1394703179,7.6923076923,14.9601608731,1.0000000000,0.8904000000,224.6181491465
99,100,0,9,100,100,0,0,109,1073,100,100,0.0340745761,46.1053957418,11.1111111111,15.2802034123,1.0000000000,0.8872000000,225.4283137962
100,100,0,8,100,100,0,0,108,976,100,100,0.0333990789,46.0719966629,12.5000000000,15.3601742575,1.0000000000,0.8864000000,225.6317689531
101,100,0,10,100,100,0,0,109,1170,100,100,0.0351458063,46.0368508566,10.0000000000,15.2001609776,1.0000000000,0.8872000000,225.4283137962
102,100,0,12,100,100,0,0,112,1364,100,100,0.0369767999,45.9998740567,8.3333333333,15.0401765828,1.0000000000,0.8896000000,224.8201438849
103,100,0,13,100,100,0,0,113,1461,100,100,0.0376053427,45.9622687140,7.6923076923,14.9601605868,1.0000000000,0.8904000000,224.6181491465
104,100,0,50,100,100,0,0,130,5050,100,100,0.0747332596,45.8875354544,2.0000000000,12.0001429705,1.0000000000,0.9040000000,221.2389380531
105,100,0,53,100,100,0,0,129,5341,100,100,0.0777532461,45.8097822083,1.8867924528,11.7601398190,1.0000000000,0.9032000000,221.4348981399
106,100,0,20,100,100,0,0,119,2140,100,100,0.0446565278,45.7651256805,5.0000000000,14.4001572172,1.0000000000,0.8952000000,223.4137622878
107,100,0,13,100,100,0,0,113,1461,100,100,0.0378443894,45.7272812910,7.6923076923,14.9601729228,1.0000000000,0.8904000000,224.6181491465
108,100,0,9,100,100,0,0,109,1073,100,100,0.0339945756,45.6932867154,11.1111111111,15.2801794631,1.0000000000,0.8872000000,225.4283137962
109,100,0,14,100,100,0,0,114,1558,100,100,0.0388899058,45.6543968096,7.1428571429,14.8801650477,1.0000000000,0.8912000000,224.4165170557
110,100,0,99,100,100,0,0,101,9803,100,100,0.1240008926,45.5303959170,1.0101010101,8.0801324161,1.0000000000,0.8808000000,227.0663033606
111,100,0,19,100,100,0,0,118,2043,100,100,0.0435431870,45.4868527301,5.2631578947,14.4801518817,1.0000000000,0.8944000000,223.6135957066
112,100,0,17,100,100,0,0,116,1849,100,100,0.0416721331,45.4451805970,5.8823529412,14.6401568033,1.0000000000,0.8928000000,224.0143369176
113,100,0,12,100,100,0,0,112,1364,100,100,0.0367654767,45.4084151202,8.3333333333,15.0401756816,1.0000000000,0.8896000000,224.8201438849
114,100,0,12,100,100,0,0,112,1364,100,100,0.0367173351,45.3716977852,8.3333333333,15.0401590420,1.0000000000,0.8896000000,224.8201438849
115,100,0,7,100,100,0,0,107,879,100,100,0.0327610685,45.3389367166,14.2857142857,15.4401955965,1.0000000000,0.8856000000,225.8355916893
116,100,0,21,100,100,0,0,120,2237,100,100,0.0458894597,45.2930472569,4.7619047619,14.3201587488,1.0000000000,0.8960000000,223.2142857143
117,100,0,16,100,100,0,0,115,1752,100,100,0.0409012263,45.2521460306,6.2500000000,14.7201726173,1.0000000000,0.8920000000,224.2152466368
118,100,0,19,100,100,0,0,119,2043,100,100,0.0435748399,45.2085711907,5.2631578947,14.4801536873,1.0000000000,0.8952000000,223.4137622878
119,100,0,36,100,100,0,0,122,3692,100,100,0.0607632576,45.1478079331,2.7777777778,13.1201564384,1.0000000000,0.8976000000,222.8163992870
120,100,0,8,100,100,0,0,108,976,100,100,0.0330737955,45.1147341376,12.5000000000,15.3601756810,1.0000000000,0.8864000000,225.6317689531
121,100,0,14,100,100,0,0,114,1558,100,100,0.0386825828,45.0760515548,7.1428571429,14.8801599095,1.0000000000,0.8912000000,224.4165170557
122,100,0,100,100,100,0,0,100,9900,100,100,0.1249754237,44.9510761311,1.0000000000,8.0001324089,1.0000000000,0.8800000000,227.2727272727
123,100,0,100,100,100,0,0,100,9900,100,100,0.1249754237,44.8261007074,1.0000000000,8.0001324089,1.0000000000,0.8800000000,227.2727272727
124,100,0,100,100,100,0,0,100,9900,100,100,0.1249754237,44.7011252837,1.0000000000,8.0001324089,1.0000000000,0.8800000000,227.2727272727
125,100,0,100,100,100,0,0,100,9900,100,100,0.1249754237,44.5761498600,1.0000000000,8.0001324089,1.0000000000,0.8800000000,227.2727272727
126,100,0,100,100,100,0,0,100,9900,100,100,0.1249754237,44.4511744364,1.0000000000,8.0001324089,1.0000000000,0.8800000000,227.2727272727
127,100,0,100,100,100,0,0,100,9900,100,100,0.1249754237,44.3261990127,1.0000000000,8.0001324089,1.0000000000,0.8800000000,227.2727272727
128,100,0,100,100,100,0,0,100,9900,100,100,0.1249754237,44.2012235890,1.0000000000,8.0001324089,1.0000000000,0.8800000000,227.2727272727
129,100,0,100,100,100,0,0,100,9900,100,100,0.1249754237,44.0762481653,1.0000000000,8.0001324089,1.0000000000,0.8800000000,227.2727272727
130,100,0,100,100,100,0,0,100,9900,100,100,0.1249754237,43.9512727416,1.0000000000,8.0001324089,1.0000000000,0.8800000000,227.2727272727
131,100,0,100,100,100,0,0,100,9900,100,100,0.1249754237,43.8262973180,1.0000000000,8.0001324089,1.0000000000,0.8800000000,227.2727272727
132,100,0,100,100,100,0,0,100,9900,100,100,0.1249754237,43.7013218943,1.0000000000,8.0001324089,1.0000000000,0.8800000000,227.2727272727
133,100,0,100,100,100,0,0,100,9900,100,100,0.1249754237,43.5763464706,1.0000000000,8.0001324089,1.0000000000,0.8800000000,227.2727272727
134,100,0,100,100,100,0,0,100,9900,100,100,0.1249754237,43.4513710469,1.0000000000,8.0001324089,1.0000000000,0.8800000000,227.2727272727
135,100,0,100,100,100,0,0,100,9900,100,100,0.1249754237,43.3263956232,1.0000000000,8.0001324089,1.0000000000,0.8800000000,227.2727272727
136,100,0,100,100,100,0,0,100,9900,100,100,0.1249754237,43.2014201996,1.0000000000,8.0001324089,1.0000000000,0.8800000000,227.2727272727
137,100,0,100,100,100,0,0,100,9900,100,100,0.1249754237,43.0764447759,1.0000000000,8.0001324089,1.0000000000,0.8800000000,227.2727272727
138,100,0,100,100,100,0,0,100,9900,100,100,0.1249754237,42.9514693522,1.0000000000,8.0001324089,1.0000000000,0.8800000000,227.2727272727
139,100,0,100,100,100,0,0,100,9900,100,100,0.1249754237,42.8264939285,1.0000000000,8.0001324089,1.0000000000,0.8800000000,227.2727272727
140,100,0,100,100,100,0,0,100,9900,100,100,0.1249754237,42.7015185048,1.0000000000,8.0001324089,1.0000000000,0.8800000000,227.2727272727
141,100,0,100,100,100,0,0,100,9900,100,100,0.1249754237,42.5765430811,1.0000000000,8.0001324089,1.0000000000,0.8800000000,227.2727272727
142,100,0,100,100,100,0,0,100,9900,100,100,0.1249754237,42.4515676575,1.0000000000,8.0001324089,1.0000000000,0.8800000000,227.2727272727
143,100,0,100,100,100,0,0,100,9900,100,100,0.1249754237,42.3265922338,1.0000000000,8.0001324089,1.0000000000,0.8800000000,227.2727272727
144,100,0,100,100,100,0,0,100,9900,100,100,0.1249754237,42.2016168101,1.0000000000,8.0001324089,1.0000000000,0.8800000000,227.2727272727
145,100,0,100,100,100,0,0,100,9900,100,100,0.1249754237,42.0766413864,1.0000000000,8.0001324089,1.0000000000,0.8800000000,227.2727272727
146,100,0,100,100,100,0,0,100,9900,100,100,0.1249754237,41.9516659627,1.0000000000,8.0001324089,1.0000000000,0.8800000000,227.2727272727
147,100,0,100,100,100,0,0,100,9900,100,100,0.1249754237,41.8266905391,1.0000000000,8.0001324089,1.0000000000,0.8800000000,227.2727272727
148,100,0,100,100,100,0,0,100,9900,100,100,0.1249754237,41.7017151154,1.0000000000,8.0001324089,1.0000000000,0.8800000000,227.2727272727
149,100,0,100,100,100,0,0,100,9900,100,100,0.1249754237,41.5767396917,1.0000000000,8.0001324089,1.0000000000,0.8800000000,227.2727272727
150,100,0,100,100,100,0,0,100,9900,100,100,0.1249754237,41.4517642680,1.0000000000,8.0001324089,1.0000000000,0.8800000000,227.2727272727
151,100,0,100,100,100,0,0,100,9900,100,100,0.1249754237,41.3267888443,1.0000000000,8.0001324089,1.0000000000,0.8800000000,227.2727272727
152,100,0,100,100,100,0,0,100,9900,100,100,0.1249754237,41.2018134207,1.0000000000,8.0001324089,1.0000000000,0.8800000000,227.2727272727
153,100,0,100,100,100,0,0,100,9900,100,100,0.1249754237,41.0768379970,1.0000000000,8.0001324089,1.0000000000,0.8800000000,227.2727272727
154,100,0,100,100,100,0,0,100,9900,100,100,0.1249754237,40.9518625733,1.0000000000,8.0001324089,1.0000000000,0.8800000000,227.2727272727
155,100,0,100,100,100,0,0,100,9900,100,100,0.1249754237,40.8268871496,1.0000000000,8.0001324089,1.0000000000,0.8800000000,227.2727272727
156,100,0,100,100,100,0,0,100,9900,100,100,0.1249754237,40.7019117259,1.0000000000,8.0001324089,1.0000000000,0.8800000000,227.2727272727
157,100,0,100,100,100,0,0,100,9900,100,100,0.1249754237,40.5769363022,1.0000000000,8.0001324089,1.0000000000,0.8800000000,227.2727272727
158,100,0,100,100,100,0,0,100,9900,100,100,0.1249754237,40.4519608786,1.0000000000,8.0001324089,1.0000000000,0.8800000000,227.2727272727
159,100,0,100,100,100,0,0,100,9900,100,100,0.1249754237,40.3269854549,1.0000000000,8.0001324089,1.0000000000,0.8800000000,227.2727272727
160,100,0,100,100,100,0,0,100,9900,100,100,0.1249754237,40.2020100312,1.0000000000,8.0001324089,1.0000000000,0.8800000000,227.2727272727
161,100,0,100,100,100,0,0,100,9900,100,100,0.1249754237,40.0770346075,1.0000000000,8.0001324089,1.0000000000,0.8800000000,227.2727272727
162,100,0,100,100,100,0,0,100,9900,100,100,0.1249754237,39.9520591838,1.0000000000,8.0001324089,1.0000000000,0.8800000000,227.2727272727
163,100,0,100,100,100,0,0,100,9900,100,100,0.1249754237,39.8270837602,1.0000000000,8.0001324089,1.0000000000,0.8800000000,227.2727272727
164,100,0,100,100,100,0,0,100,9900,100,100,0.1249754237,39.7021083365,1.0000000000,8.0001324089,1.0000000000,0.8800000000,227.2727272727
165,100,0,100,100,100,0,0,100,9900,100,100,0.1249754237,39.5771329128,1.0000000000,8.0001324089,1.0000000000,0.8800000000,227.2727272727
166,100,0,100,100,100,0,0,100,9900,100,100,0.1249754237,39.4521574891,1.0000000000,8.0001324089,1.0000000000,0.8800000000,227.2727272727
167,100,0,100,100,100,0,0,100,9900,100,100,0.1249754237,39.3271820654,1.0000000000,8.0001324089,1.0000000000,0.8800000000,227.2727272727
168,100,0,100,100,100,0,0,100,9900,100,100,0.1249754237,39.2022066417,1.0000000000,8.0001324089,1.0000000000,0.8800000000,227.2727272727
169,100,0,100,100,100,0,0,100,9900,100,100,0.1249754237,39.0772312181,1.0000000000,8.0001324089,1.0000000000,0.8800000000,227.2727272727
170,100,0,100,100,100,0,0,100,9900,100,100,0.1249754237,38.9522557944,1.0000000000,8.0001324089,1.0000000000,0.8800000000,227.2727272727
171,100,0,100,100,100,0,0,100,9900,100,100,0.1249754237,38.8272803707,1.0000000000,8.0001324089,1.0000000000,0.8800000000,227.2727272727
172,100,0,100,100,100,0,0,100,9900,100,100,0.1249754237,38.7023049470,1.0000000000,8.0001324089,1.0000000000,0.8800000000,227.2727272727
173,100,0,100,100,100,0,0,100,9900,100,100,0.1249754237,38.5773295233,1.0000000000,8.0001324089,1.0000000000,0.8800000000,227.2727272727
174,100,0,100,100,100,0,0,100,9900,100,100,0.1249754237,38.4523540997,1.0000000000,8.0001324089,1.0000000000,0.8800000000,227.2727272727
175,100,0,100,100,100,0,0,100,9900,100,100,0.1249754237,38.3273786760,1.0000000000,8.0001324089,1.0000000000,0.8800000000,227.2727272727
176,100,0,100,100,100,0,0,100,9900,100,100,0.1249754237,38.2024032523,1.0000000000,8.0001324089,1.0000000000,0.8800000000,227.2727272727
177,100,0,100,100,100,0,0,100,9900,100,100,0.1249754237,38.0774278286,1.0000000000,8.0001324089,1.0000000000,0.8800000000,227.2727272727
178,100,0,100,100,100,0,0,100,9900,100,100,0.1249754237,37.9524524049,1.0000000000,8.0001324089,1.0000000000,0.8800000000,227.2727272727
179,100,0,100,100,100,0,0,100,9900,100,100,0.1249754237,37.8274769813,1.0000000000,8.0001324089,1.0000000000,0.8800000000,227.2727272727
180,100,0,100,100,100,0,0,100,9900,100,100,0.1249754237,37.7025015576,1.0000000000,8.0001324089,1.0000000000,0.8800000000,227.2727272727
181,100,0,100,100,100,0,0,100,9900,100,100,0.1249754237,37.5775261339,1.0000000000,8.0001324089,1.0000000000,0.8800000000,227.2727272727
182,100,0,100,100,100,0,0,100,9900,100,100,0.1249754237,37.4525507102,1.0000000000,8.0001324089,1.0000000000,0.8800000000,227.2727272727
183,100,0,100,100,100,0,0,100,9900,100,100,0.1249754237,37.3275752865,1.0000000000,8.0001324089,1.0000000000,0.8800000000,227.2727272727
184,100,0,100,100,100,0,0,100,9900,100,100,0.1249754237,37.2025998628,1.0000000000,8.0001324089,1.0000000000,0.8800000000,227.2727272727
185,100,0,100,100,100,0,0,100,9900,100,100,0.1249754237,37.0776244392,1.0000000000,8.0001324089,1.0000000000,0.8800000000,227.2727272727
186,100,0,100,100,100,0,0,100,9900,100,100,0.1249754237,36.9526490155,1.0000000000,8.0001324089,1.0000000000,0.8800000000,227.2727272727
187,100,0,100,100,100,0,0,100,9900,100,100,0.1249754237,36.8276735918,1.0000000000,8.0001324089,1.0000000000,0.8800000000,227.2727272727
188,100,0,100,100,100,0,0,100,9900,100,100,0.1249754237,36.7026981681,1.0000000000,8.0001324089,1.0000000000,0.8800000000,227.2727272727
189,100,0,100,100,100,0,0,100,9900,100,100,0.1249754237,36.5777227444,1.0000000000,8.0001324089,1.0000000000,0.8800000000,227.2727272727
190,100,0,100,100,100,0,0,100,9900,100,100,0.1249754237,36.4527473208,1.0000000000,8.0001324089,1.0000000000,0.8800000000,227.2727272727
191,100,0,100,100,100,0,0,100,9900,100,100,0.1249754237,36.3277718971,1.0000000000,8.0001324089,1.0000000000,0.8800000000,227.2727272727
192,100,0,100,100,100,0,0,100,9900,100,100,0.1249754237,36.2027964734,1.0000000000,8.0001324089,1.0000000000,0.8800000000,227.2727272727
193,100,0,100,100,100,0,0,100,9900,100,100,0.1249754237,36.0778210497,1.0000000000,8.0001324089,1.0000000000,0.8800000000,227.2727272727
194,100,0,100,100,100,0,0,100,9900,100,100,0.1249754237,35.9528456260,1.0000000000,8.0001324089,1.0000000000,0.8800000000,227.2727272727
195,100,0,100,100,100,0,0,100,9900,100,100,0.1249754237,35.8278702024,1.0000000000,8.0001324089,1.0000000000,0.8800000000,227.2727272727
196,100,0,100,100,100,0,0,100,9900,100,100,0.1249754237,35.7028947787,1.0000000000,8.0001324089,1.0000000000,0.8800000000,227.2727272727
197,100,0,100,100,100,0,0,100,9900,100,100,0.1249754237,35.5779193550,1.0000000000,8.0001324089,1.0000000000,0.8800000000,227.2727272727
198,100,0,100,100,100,0,0,100,9900,100,100,0.1249754237,35.4529439313,1.0000000000,8.0001324089,1.0000000000,0.8800000000,227.2727272727
199,100,0,100,100,100,0,0,100,9900,100,100,0.1249754237,35.3279685076,1.0000000000,8.0001324089,1.0000000000,0.8800000000,227.2727272727
200,100,0,100,100,100,0,0,100,9900,100,100,0.1249754237,35.2029930839,1.0000000000,8.0001324089,1.0000000000,0.8800000000,227.2727272727
201,100,0,100,100,100,0,0,100,9900,100,100,0.1249754237,35.0780176603,1.0000000000,8.0001324089,1.0000000000,0.8800000000,227.2727272727
202,100,0,100,100,100,0,0,100,9900,100,100,0.1249754237,34.9530422366,1.0000000000,8.0001324089,1.0000000000,0.8800000000,227.2727272727
203,100,0,100,100,100,0,0,100,9900,100,100,0.1249754237,34.8280668129,1.0000000000,8.0001324089,1.0000000000,0.8800000000,227.2727272727
204,100,0,100,100,100,0,0,100,9900,100,100,0.1249754237,34.7030913892,1.0000000000,8.0001324089,1.0000000000,0.8800000000,227.2727272727
205,100,0,100,100,100,0,0,100,9900,100,100,0.1249754237,34.5781159655,1.0000000000,8.0001324089,1.0000000000,0.8800000000,227.2727272727
206,100,0,100,100,100,0,0,100,9900,100,100,0.1249754237,34.4531405419,1.0000000000,8.0001324089,1.0000000000,0.8800000000,227.2727272727
207,100,0,100,100,100,0,0,100,9900,100,100,0.1249754237,34.3281651182,1.0000000000,8.0001324089,1.0000000000,0.8800000000,227.2727272727
208,100,0,100,100,100,0,0,100,9900,100,100,0.1249754237,34.2031896945,1.0000000000,8.0001324089,1.0000000000,0.8800000000,227.2727272727
209,100,0,100,100,100,0,0,100,9900,100,100,0.1249754237,34.0782142708,1.0000000000,8.0001324089,1.0000000000,0.8800000000,227.2727272727
210,100,0,100,100,100,0,0,100,9900,100,100,0.1249754237,33.9532388471,1.0000000000,8.0001324089,1.0000000000,0.8800000000,227.2727272727
211,100,0,100,100,100,0,0,100,9900,100,100,0.1249754237,33.8282634235,1.0000000000,8.0001324089,1.0000000000,0.8800000000,227.2727272727
212,100,0,100,100,100,0,0,100,9900,100,100,0.1249754237,33.7032879998,1.0000000000,8.0001324089,1.0000000000,0.8800000000,227.2727272727
213,100,0,100,100,100,0,0,100,9900,100,100,0.1249754237,33.5783125761,1.0000000000,8.0001324089,1.0000000000,0.8800000000,227.2727272727
214,100,0,100,100,100,0,0,100,9900,100,100,0.1249754237,33.4533371524,1.0000000000,8.0001324089,1.0000000000,0.8800000000,227.2727272727
215,100,0,100,100,100,0,0,100,9900,100,100,0.1249754237,33.3283617287,1.0000000000,8.0001324089,1.0000000000,0.8800000000,227.2727272727
216,100,0,100,100,100,0,0,100,9900,100,100,0.1249754237,33.2033863050,1.0000000000,8.0001324089,1.0000000000,0.8800000000,227.2727272727
217,100,0,100,100,100,0,0,100,9900,100,100,0.1249754237,33.0784108814,1.0000000000,8.0001324089,1.0000000000,0.8800000000,227.2727272727
218,100,0,100,100,100,0,0,100,9900,100,100,0.1249754237,32.9534354577,1.0000000000,8.0001324089,1.0000000000,0.8800000000,227.2727272727
219,100,0,100,100,100,0,0,100,9900,100,100,0.1249754237,32.8284600340,1.0000000000,8.0001324089,1.0000000000,0.8800000000,227.2727272727
220,100,0,100,100,100,0,0,100,9900,100,100,0.1249754237,32.7034846103,1.0000000000,8.0001324089,1.0000000000,0.8800000000,227.2727272727
221,100,0,100,100,100,0,0,100,9900,100,100,0.1249754237,32.5785091866,1.0000000000,8.0001324089,1.0000000000,0.8800000000,227.2727272727
222,100,0,100,100,100,0,0,100,9900,100,100,0.1249754237,32.4535337630,1.0000000000,8.0001324089,1.0000000000,0.8800000000,227.2727272727
223,100,0,100,100,100,0,0,100,9900,100,100,0.1249754237,32.3285583393,1.0000000000,8.0001324089,1.0000000000,0.8800000000,227.2727272727
224,100,0,100,100,100,0,0,100,9900,100,100,0.1249754237,32.2035829156,1.0000000000,8.0001324089,1.0000000000,0.8800000000,227.2727272727
225,100,0,100,100,100,0,0,100,9900,100,100,0.1249754237,32.0786074919,1.0000000000,8.0001324089,1.0000000000,0.8800000000,227.2727272727
226,100,0,100,100,100,0,0,100,9900,100,100,0.1249754237,31.9536320682,1.0000000000,8.0001324089,1.0000000000,0.8800000000,227.2727272727
227,100,0,100,100,100,0,0,100,9900,100,100,0.1249754237,31.8286566446,1.0000000000,8.0001324089,1.0000000000,0.8800000000,227.2727272727
228,100,0,100,100,100,0,0,100,9900,100,100,0.1249754237,31.7036812209,1.0000000000,8.0001324089,1.0000000000,0.8800000000,227.2727272727
229,100,0,100,100,100,0,0,100,9900,100,100,0.1249754237,31.5787057972,1.0000000000,8.0001324089,1.0000000000,0.8800000000,227.2727272727
230,100,0,100,100,100,0,0,100,9900,100,100,0.1249754237,31.4537303735,1.0000000000,8.0001324089,1.0000000000,0.8800000000,227.2727272727
231,100,0,100,100,100,0,0,100,9900,100,100,0.1249754237,31.3287549498,1.0000000000,8.0001324089,1.0000000000,0.8800000000,227.2727272727
232,100,0,100,100,100,0,0,100,9900,100,100,0.1249754237,31.2037795261,1.0000000000,8.0001324089,1.0000000000,0.8800000000,227.2727272727
233,100,0,100,100,100,0,0,100,9900,100,100,0.1249754237,31.0788041025,1.0000000000,8.0001324089,1.0000000000,0.8800000000,227.2727272727
234,100,0,100,100,100,0,0,100,9900,100,100,0.1249754237,30.9538286788,1.0000000000,8.0001324089,1.0000000000,0.8800000000,227.2727272727
235,100,0,100,100,100,0,0,100,9900,100,100,0.1249754237,30.8288532551,1.0000000000,8.0001324089,1.0000000000,0.8800000000,227.2727272727
236,100,0,100,100,100,0,0,100,9900,100,100,0.1249754237,30.7038778314,1.0000000000,8.0001324089,1.0000000000,0.8800000000,227.2727272727
237,100,0,100,100,100,0,0,100,9900,100,100,0.1249754237,30.5789024077,1.0000000000,8.0001324089,1.0000000000,0.8800000000,227.2727272727
238,100,0,100,100,100,0,0,100,9900,100,100,0.1249754237,30.4539269841,1.0000000000,8.0001324089,1.0000000000,0.8800000000,227.2727272727
239,100,0,100,100,100,0,0,100,9900,100,100,0.1249754237,30.3289515604,1.0000000000,8.0001324089,1.0000000000,0.8800000000,227.2727272727
240,100,0,100,100,100,0,0,100,9900,100,100,0.1249754237,30.2039761367,1.0000000000,8.0001324089,1.0000000000,0.8800000000,227.2727272727
241,100,0,100,100,100,0,0,100,9900,100,100,0.1249754237,30.0790007130,1.0000000000,8.0001324089,1.0000000000,0.8800000000,227.2727272727
242,100,0,100,100,100,0,0,100,9900,100,100,0.1249754237,29.9540252893,1.0000000000,8.0001324089,1.0000000000,0.8800000000,227.2727272727
243,100,0,100,100,100,0,0,100,9900,100,100,0.1249754237,29.8290498657,1.0000000000,8.0001324089,1.0000000000,0.8800000000,227.2727272727
244,100,0,100,100,100,0,0,100,9900,100,100,0.1249754237,29.7040744420,1.0000000000,8.0001324089,1.0000000000,0.8800000000,227.2727272727
245,100,0,100,100,100,0,0,100,9900,100,100,0.1249754237,29.5790990183,1.0000000000,8.0001324089,1.0000000000,0.8800000000,227.2727272727
246,100,0,100,100,100,0,0,100,9900,100,100,0.1249754237,29.4541235946,1.0000000000,8.0001324089,1.0000000000,0.8800000000,227.2727272727
247,100,0,100,100,100,0,0,100,9900,100,100,0.1249754237,29.3291481709,1.0000000000,8.0001324089,1.0000000000,0.8800000000,227.2727272727
248,100,0,100,100,100,0,0,100,9900,100,100,0.1249754237,29.2041727472,1.0000000000,8.0001324089,1.0000000000,0.8800000000,227.2727272727
249,100,0,100,100,100,0,0,100,9900,100,100,0.1249754237,29.0791973236,1.0000000000,8.0001324089,1.0000000000,0.8800000000,227.2727272727
250,100,0,100,100,100,0,0,100,9900,100,100,0.1249754237,28.9542218999,1.0000000000,8.0001324089,1.0000000000,0.8800000000,227.2727272727
251,100,0,100,100,100,0,0,100,9900,100,100,0.1249754237,28.8292464762,1.0000000000,8.0001324089,1.0000000000,0.8800000000,227.2727272727
252,100,0,100,100,100,0,0,100,9900,100,100,0.1249754237,28.7042710525,1.0000000000,8.0001324089,1.0000000000,0.8800000000,227.2727272727
253,100,0,100,100,100,0,0,100,9900,100,100,0.1249754237,28.5792956288,1.0000000000,8.0001324089,1.0000000000,0.8800000000,227.2727272727
254,100,0,100,100,100,0,0,100,9900,100,100,0.1249754237,28.4543202052,1.0000000000,8.0001324089,1.0000000000,0.8800000000,227.2727272727
255,100,0,100,100,100,0,0,100,9900,100,100,0.1249754237,28.3293447815,1.0000000000,8.0001324089,1.0000000000,0.8800000000,227.2727272727
256,100,0,100,100,100,0,0,100,9900,100,100,0.1249754237,28.2043693578,1.0000000000,8.0001324089,1.0000000000,0.8800000000,227.2727272727
257,100,0,100,100,100,0,0,100,9900,100,100,0.1249754237,28.0793939341,1.0000000000,8.0001324089,1.0000000000,0.8800000000,227.2727272727
258,100,0,100,100,100,0,0,100,9900,100,100,0.1249754237,27.9544185104,1.0000000000,8.0001324089,1.0000000000,0.8800000000,227.2727272727
259,100,0,100,100,100,0,0,100,9900,100,100,0.1249754237,27.8294430868,1.0000000000,8.0001324089,1.0000000000,0.8800000000,227.2727272727
260,100,0,100,100,100,0,0,100,9900,100,100,0.1249754237,27.7044676631,1.0000000000,8.0001324089,1.0000000000,0.8800000000,227.2727272727
261,100,0,100,100,100,0,0,100,9900,100,100,0.1249754237,27.5794922394,1.0000000000,8.0001324089,1.0000000000,0.8800000000,227.2727272727
262,100,0,100,100,100,0,0,100,9900,100,100,0.1249754237,27.4545168157,1.0000000000,8.0001324089,1.0000000000,0.8800000000,227.2727272727
263,100,0,100,100,100,0,0,100,9900,100,100,0.1249754237,27.3295413920,1.0000000000,8.0001324089,1.0000000000,0.8800000000,227.2727272727
264,100,0,100,100,100,0,0,100,9900,100,100,0.1249754237,27.2045659683,1.0000000000,8.0001324089,1.0000000000,0.8800000000,227.2727272727
265,100,0,100,100,100,0,0,100,9900,100,100,0.1249754237,27.0795905447,1.0000000000,8.0001324089,1.0000000000,0.8800000000,227.2727272727
266,100,0,100,100,100,0,0,100,9900,100,100,0.1249754237,26.9546151210,1.0000000000,8.0001324089,1.0000000000,0.8800000000,227.2727272727
267,100,0,100,100,100,0,0,100,9900,100,100,0.1249754237,26.8296396973,1.0000000000,8.0001324089,1.0000000000,0.8800000000,227.2727272727
268,100,0,100,100,100,0,0,100,9900,100,100,0.1249754237,26.7046642736,1.0000000000,8.0001324089,1.0000000000,0.8800000000,227.2727272727
269,100,0,100,100,100,0,0,100,9900,100,100,0.1249754237,26.5796888499,1.0000000000,8.0001324089,1.0000000000,0.8800000000,227.2727272727
270,100,0,100,100,100,0,0,100,9900,100,100,0.1249754237,26.4547134263,1.0000000000,8.0001324089,1.0000000000,0.8800000000,227.2727272727
271,100,0,100,100,100,0,0,100,9900,100,100,0.1249754237,26.3297380026,1.0000000000,8.0001324089,1.0000000000,0.8800000000,227.2727272727
272,100,0,100,100,100,0,0,100,9900,100,100,0.1249754237,26.2047625789,1.0000000000,8.0001324089,1.0000000000,0.8800000000,227.2727272727
273,100,0,100,100,100,0,0,100,9900,100,100,0.1249754237,26.0797871552,1.0000000000,8.0001324089,1.0000000000,0.8800000000,227.2727272727
274,100,0,100,100,100,0,0,100,9900,100,100,0.1249754237,25.9548117315,1.0000000000,8.0001324089,1.0000000000,0.8800000000,227.2727272727
275,100,0,100,100,100,0,0,100,9900,100,100,0.1249754237,25.8298363079,1.0000000000,8.0001324089,1.0000000000,0.8800000000,227.2727272727
276,100,0,100,100,100,0,0,100,9900,100,100,0.1249754237,25.7048608842,1.0000000000,8.0001324089,1.0000000000,0.8800000000,227.2727272727
277,100,0,100,100,100,0,0,100,9900,100,100,0.1249754237,25.5798854605,1.0000000000,8.0001324089,1.0000000000,0.8800000000,227.2727272727
278,100,0,100,100,100,0,0,100,9900,100,100,0.1249754237,25.4549100368,1.0000000000,8.0001324089,1.0000000000,0.8800000000,227.2727272727
279,100,0,100,100,100,0,0,100,9900,100,100,0.1249754237,25.3299346131,1.0000000000,8.0001324089,1.0000000000,0.8800000000,227.2727272727
280,100,0,100,100,100,0,0,100,9900,100,100,0.1249754237,25.2049591894,1.0000000000,8.0001324089,1.0000000000,0.8800000000,227.2727272727
281,100,0,100,100,100,0,0,100,9900,100,100,0.1249754237,25.0799837658,1.0000000000,8.0001324089,1.0000000000,0.8800000000,227.2727272727
282,100,0,100,100,100,0,0,100,9900,100,100,0.1249754237,24.9550083421,1.0000000000,8.0001324089,1.0000000000,0.8800000000,227.2727272727
283,100,0,100,100,100,0,0,100,9900,100,100,0.1249754237,24.8300329184,1.0000000000,8.0001324089,1.0000000000,0.8800000000,227.2727272727
284,100,0,100,100,100,0,0,100,9900,100,100,0.1249754237,24.7050574947,1.0000000000,8.0001324089,1.0000000000,0.8800000000,227.2727272727
285,100,0,100,100,100,0,0,100,9900,100,100,0.1249754237,24.5800820710,1.0000000000,8.0001324089,1.0000000000,0.8800000000,227.2727272727
286,100,0,100,100,100,0,0,100,9900,100,100,0.1249754237,24.4551066474,1.0000000000,8.0001324089,1.0000000000,0.8800000000,227.2727272727
287,100,0,100,100,100,0,0,100,9900,100,100,0.1249754237,24.3301312237,1.0000000000,8.0001324089,1.0000000000,0.8800000000,227.2727272727
288,100,0,100,100,100,0,0,100,9900,100,100,0.1249754237,24.2051558000,1.0000000000,8.0001324089,1.0000000000,0.8800000000,227.2727272727
289,100,0,100,100,100,0,0,100,9900,100,100,0.1249754237,24.0801803763,1.0000000000,8.0001324089,1.0000000000,0.8800000000,227.2727272727
290,100,0,100,100,100,0,0,100,9900,100,100,0.1249754237,23.9552049526,1.0000000000,8.0001324089,1.0000000000,0.8800000000,227.2727272727
291,100,0,100,100,100,0,0,100,9900,100,100,0.1249754237,23.8302295290,1.0000000000,8.0001324089,1.0000000000,0.8800000000,227.2727272727
292,100,0,100,100,100,0,0,100,9900,100,100,0.1249754237,23.7052541053,1.0000000000,8.0001324089,1.0000000000,0.8800000000,227.2727272727
293,100,0,100,100,100,0,0,100,9900,100,100,0.1249754237,23.5802786816,1.0000000000,8.0001324089,1.0000000000,0.8800000000,227.2727272727
294,100,0,100,100,100,0,0,100,9900,100,100,0.1249754237,23.4553032579,1.0000000000,8.0001324089,1.0000000000,0.8800000000,227.2727272727
295,100,0,100,100,100,0,0,100,9900,100,100,0.1249754237,23.3303278342,1.0000000000,8.0001324089,1.0000000000,0.8800000000,227.2727272727
296,100,0,100,100,100,0,0,100,9900,100,100,0.1249754237,23.2053524105,1.0000000000,8.0001324089,1.0000000000,0.8800000000,227.2727272727
297,100,0,100,100,100,0,0,100,9900,100,100,0.1249754237,23.0803769869,1.0000000000,8.0001324089,1.0000000000,0.8800000000,227.2727272727
298,100,0,100,100,100,0,0,100,9900,100,100,0.1249754237,22.9554015632,1.0000000000,8.0001324089,1.0000000000,0.8800000000,227.2727272727
299,100,0,100,100,100,0,0,100,9900,100,100,0.1249754237,22.8304261395,1.0000000000,8.0001324089,1.0000000000,0.8800000000,227.2727272727
300,100,0,100,100,100,0,0,100,9900,100,100,0.1249754237,22.7054507158,1.0000000000,8.0001324089,1.0000000000,0.8800000000,227.2727272727
301,100,0,100,100,100,0,0,100,9900,100,100,0.1249754237,22.5804752921,1.0000000000,8.0001324089,1.0000000000,0.8800000000,227.2727272727
302,100,0,100,100,100,0,0,100,9900,100,100,0.1249754237,22.4554998685,1.0000000000,8.0001324089,1.0000000000,0.8800000000,227.2727272727
303,100,0,100,100,100,0,0,100,9900,100,100,0.1249754237,22.3305244448,1.0000000000,8.0001324089,1.0000000000,0.8800000000,227.2727272727
304,100,0,100,100,100,0,0,100,9900,100,100,0.1249754237,22.2055490211,1.0000000000,8.0001324089,1.0000000000,0.8800000000,227.2727272727
305,100,0,100,100,100,0,0,100,9900,100,100,0.1249754237,22.0805735974,1.0000000000,8.0001324089,1.0000000000,0.8800000000,227.2727272727
306,100,0,100,100,100,0,0,100,9900,100,100,0.1249754237,21.9555981737,1.0000000000,8.0001324089,1.0000000000,0.8800000000,227.2727272727
307,100,0,100,100,100,0,0,100,9900,100,100,0.1249754237,21.8306227501,1.0000000000,8.0001324089,1.0000000000,0.8800000000,227.2727272727
308,100,0,100,100,100,0,0,100,9900,100,100,0.1249754237,21.7056473264,1.0000000000,8.0001324089,1.0000000000,0.8800000000,227.2727272727
309,100,0,100,100,100,0,0,100,9900,100,100,0.1249754237,21.5806719027,1.0000000000,8.0001324089,1.0000000000,0.8800000000,227.2727272727
310,100,0,100,100,100,0,0,100,9900,100,100,0.1249754237,21.4556964790,1.0000000000,8.0001324089,1.0000000000,0.8800000000,227.2727272727
311,100,0,100,100,100,0,0,100,9900,100,100,0.1249754237,21.3307210553,1.0000000000,8.0001324089,1.0000000000,0.8800000000,227.2727272727
312,100,0,100,100,100,0,0,100,9900,100,100,0.1249754237,21.2057456316,1.0000000000,8.0001324089,1.0000000000,0.8800000000,227.2727272727
313,100,0,100,100,100,0,0,100,9900,100,100,0.1249754237,21.0807702080,1.0000000000,8.0001324089,1.0000000000,0.8800000000,227.2727272727
314,100,0,100,100,100,0,0,100,9900,100,100,0.1249754237,20.9557947843,1.0000000000,8.0001324089,1.0000000000,0.8800000000,227.2727272727
315,100,0,100,100,100,0,0,100,9900,100,100,0.1249754237,20.8308193606,1.0000000000,8.0001324089,1.0000000000,0.8800000000,227.2727272727
316,100,0,100,100,100,0,0,100,9900,100,100,0.1249754237,20.7058439369,1.0000000000,8.0001324089,1.0000000000,0.8800000000,227.2727272727
317,100,0,100,100,100,0,0,100,9900,100,100,0.1249754237,20.5808685132,1.0000000000,8.0001324089,1.0000000000,0.8800000000,227.2727272727
318,100,0,100,100,100,0,0,100,9900,100,100,0.1249754237,20.4558930896,1.0000000000,8.0001324089,1.0000000000,0.8800000000,227.2727272727
319,100,0,100,100,100,0,0,100,9900,100,100,0.1249754237,20.3309176659,1.0000000000,8.0001324089,1.0000000000,0.8800000000,227.2727272727
320,100,0,100,100,100,0,0,100,9900,100,100,0.1249754237,20.2059422422,1.0000000000,8.0001324089,1.0000000000,0.8800000000,227.2727272727
321,100,0,100,100,100,0,0,100,9900,100,100,0.1249754237,20.0809668185,1.0000000000,8.0001324089,1.0000000000,0.8800000000,227.2727272727
322,100,0,100,100,100,0,0,100,9900,100,100,0.1249754237,19.9559913948,1.0000000000,8.0001324089,1.0000000000,0.8800000000,227.2727272727
323,100,0,100,100,100,0,0,100,9900,100,100,0.1249754237,19.8310159712,1.0000000000,8.0001324089,1.0000000000,0.8800000000,227.2727272727
324,100,0,100,100,100,0,0,100,9900,100,100,0.1249754237,19.7060405475,1.0000000000,8.0001324089,1.0000000000,0.8800000000,227.2727272727
325,100,0,100,100,100,0,0,100,9900,100,100,0.1249754237,19.5810651238,1.0000000000,8.0001324089,1.0000000000,0.8800000000,227.2727272727
326,100,0,100,100,100,0,0,100,9900,100,100,0.1249754237,19.4560897001,1.0000000000,8.0001324089,1.0000000000,0.8800000000,227.2727272727
327,100,0,100,100,100,0,0,100,9900,100,100,0.1249754237,19.3311142764,1.0000000000,8.0001324089,1.0000000000,0.8800000000,227.2727272727
328,100,0,100,100,100,0,0,100,9900,100,100,0.1249754237,19.2061388527,1.0000000000,8.0001324089,1.0000000000,0.8800000000,227.2727272727
329,100,0,100,100,100,0,0,100,9900,100,100,0.1249754237,19.0811634291,1.0000000000,8.0001324089,1.0000000000,0.8800000000,227.2727272727
330,100,0,100,100,100,0,0,100,9900,100,100,0.1249754237,18.9561880054,1.0000000000,8.0001324089,1.0000000000,0.8800000000,227.2727272727
331,100,0,100,100,100,0,0,100,9900,100,100,0.1249754237,18.8312125817,1.0000000000,8.0001324089,1.0000000000,0.8800000000,227.2727272727
332,100,0,100,100,100,0,0,100,9900,100,100,0.1249754237,18.7062371580,1.0000000000,8.0001324089,1.0000000000,0.8800000000,227.2727272727
333,100,0,100,100,100,0,0,100,9900,100,100,0.1249754237,18.5812617343,1.0000000000,8.0001324089,1.0000000000,0.8800000000,227.2727272727
334,100,0,100,100,100,0,0,100,9900,100,100,0.1249754237,18.4562863107,1.0000000000,8.0001324089,1.0000000000,0.8800000000,227.2727272727
335,100,0,100,100,100,0,0,100,9900,100,100,0.1249754237,18.3313108870,1.0000000000,8.0001324089,1.0000000000,0.8800000000,227.2727272727
336,100,0,100,100,100,0,0,100,9900,100,100,0.1249754237,18.2063354633,1.0000000000,8.0001324089,1.0000000000,0.8800000000,227.2727272727
337,100,0,100,100,100,0,0,100,9900,100,100,0.1249754237,18.0813600396,1.0000000000,8.0001324089,1.0000000000,0.8800000000,227.2727272727
338,100,0,100,100,100,0,0,100,9900,100,100,0.1249754237,17.9563846159,1.0000000000,8.0001324089,1.0000000000,0.8800000000,227.2727272727
339,100,0,100,100,100,0,0,100,9900,100,100,0.1249754237,17.8314091923,1.0000000000,8.0001324089,1.0000000000,0.8800000000,227.2727272727
340,100,0,100,100,100,0,0,100,9900,100,100,0.1249754237,17.7064337686,1.0000000000,8.0001324089,1.0000000000,0.8800000000,227.2727272727
341,100,0,100,100,100,0,0,100,9900,100,100,0.1249754237,17.5814583449,1.0000000000,8.0001324089,1.0000000000,0.8800000000,227.2727272727
342,100,0,100,100,100,0,0,100,9900,100,100,0.1249754237,17.4564829212,1.0000000000,8.0001324089,1.0000000000,0.8800000000,227.2727272727
343,100,0,100,100,100,0,0,100,9900,100,100,0.1249754237,17.3315074975,1.0000000000,8.0001324089,1.0000000000,0.8800000000,227.2727272727
344,100,0,100,100,100,0,0,100,9900,100,100,0.1249754237,17.2065320738,1.0000000000,8.0001324089,1.0000000000,0.8800000000,227.2727272727
345,100,0,100,100,100,0,0,100,9900,100,100,0.1249754237,17.0815566502,1.0000000000,8.0001324089,1.0000000000,0.8800000000,227.2727272727
346,100,0,100,100,100,0,0,100,9900,100,100,0.1249754237,16.9565812265,1.0000000000,8.0001324089,1.0000000000,0.8800000000,227.2727272727
347,100,0,100,100,100,0,0,100,9900,100,100,0.1249754237,16.8316058028,1.0000000000,8.0001324089,1.0000000000,0.8800000000,227.2727272727
348,100,0,100,100,100,0,0,100,9900,100,100,0.1249754237,16.7066303791,1.0000000000,8.0001324089,1.0000000000,0.8800000000,227.2727272727
349,100,0,100,100,100,0,0,100,9900,100,100,0.1249754237,16.5816549554,1.0000000000,8.0001324089,1.0000000000,0.8800000000,227.2727272727
350,100,0,100,100,100,0,0,100,9900,100,100,0.1249754237,16.4566795318,1.0000000000,8.0001324089,1.0000000000,0.8800000000,227.2727272727
351,100,0,100,100,100,0,0,100,9900,100,100,0.1249754237,16.3317041081,1.0000000000,8.0001324089,1.0000000000,0.8800000000,227.2727272727
352,100,0,100,100,100,0,0,100,9900,100,100,0.1249754237,16.2067286844,1.0000000000,8.0001324089,1.0000000000,0.8800000000,227.2727272727
353,100,0,100,100,100,0,0,100,9900,100,100,0.1249754237,16.0817532607,1.0000000000,8.0001324089,1.0000000000,0.8800000000,227.2727272727
354,100,0,100,100,100,0,0,100,9900,100,100,0.1249754237,15.9567778370,1.0000000000,8.0001324089,1.0000000000,0.8800000000,227.2727272727
355,100,0,100,100,100,0,0,100,9900,100,100,0.1249754237,15.8318024134,1.0000000000,8.0001324089,1.0000000000,0.8800000000,227.2727272727
356,100,0,100,100,100,0,0,100,9900,100,100,0.1249754237,15.7068269897,1.0000000000,8.0001324089,1.0000000000,0.8800000000,227.2727272727
357,100,0,100,100,100,0,0,100,9900,100,100,0.1249754237,15.5818515660,1.0000000000,8.0001324089,1.0000000000,0.8800000000,227.2727272727
358,100,0,100,100,100,0,0,100,9900,100,100,0.1249754237,15.4568761423,1.0000000000,8.0001324089,1.0000000000,0.8800000000,227.2727272727
359,100,0,100,100,100,0,0,100,9900,100,100,0.1249754237,15.3319007186,1.0000000000,8.0001324089,1.0000000000,0.8800000000,227.2727272727
360,100,0,100,100,100,0,0,100,9900,100,100,0.1249754237,15.2069252949,1.0000000000,8.0001324089,1.0000000000,0.8800000000,227.2727272727
361,100,0,100,100,100,0,0,100,9900,100,100,0.1249754237,15.0819498713,1.0000000000,8.0001324089,1.0000000000,0.8800000000,227.2727272727
362,100,0,100,100,100,0,0,100,9900,100,100,0.1249754237,14.9569744476,1.0000000000,8.0001324089,1.0000000000,0.8800000000,227.2727272727
363,100,0,100,100,100,0,0,100,9900,100,100,0.1249754237,14.8319990239,1.0000000000,8.0001324089,1.0000000000,0.8800000000,227.2727272727
364,100,0,100,100,100,0,0,100,9900,100,100,0.1249754237,14.7070236002,1.0000000000,8.0001324089,1.0000000000,0.8800000000,227.2727272727
365,100,0,100,100,100,0,0,100,9900,100,100,0.1249754237,14.5820481765,1.0000000000,8.0001324089,1.0000000000,0.8800000000,227.2727272727
366,100,0,100,100,100,0,0,100,9900,100,100,0.1249754237,14.4570727529,1.0000000000,8.0001324089,1.0000000000,0.8800000000,227.2727272727
367,100,0,99,100,100,0,0,101,9803,100,100,0.1239419031,14.3331308498,1.0101010101,8.0801324210,1.0000000000,0.8808000000,227.0663033606
368,100,0,13,100,100,0,0,112,1461,100,100,0.0376310817,14.2954997681,7.6923076923,14.9601642845,1.0000000000,0.8896000000,224.8201438849
369,100,0,43,100,100,0,0,129,4371,100,100,0.0678783761,14.2276213920,2.3255813953,12.5601450567,1.0000000000,0.9032000000,221.4348981399
370,100,0,18,100,100,0,0,117,1946,100,100,0.0427715431,14.1848498488,5.5555555556,14.5601684070,1.0000000000,0.8936000000,223.8137869293
371,100,0,20,100,100,0,0,119,2140,100,100,0.0447611314,14.1400887174,5.0000000000,14.4001629627,1.0000000000,0.8952000000,223.4137622878
372,100,0,32,100,100,0,0,128,3304,100,100,0.0568956773,14.0831930401,3.1250000000,13.4401549308,1.0000000000,0.9024000000,221.6312056738
373,100,0,12,100,100,0,0,112,1364,100,100,0.0371069363,14.0460861038,8.3333333333,15.0401818983,1.0000000000,0.8896000000,224.8201438849
374,100,0,11,100,100,0,0,111,1267,100,100,0.0358566076,14.0102294963,9.0909090909,15.1201797901,1.0000000000,0.8888000000,225.0225022502
375,100,0,12,100,100,0,0,112,1364,100,100,0.0369854219,13.9732440744,8.3333333333,15.0401819608,1.0000000000,0.8896000000,224.8201438849
376,100,0,100,100,100,0,0,100,9900,100,100,0.1249754237,13.8482686507,1.0000000000,8.0001324089,1.0000000000,0.8800000000,227.2727272727
377,100,0,100,100,100,0,0,100,9900,100,100,0.1249754237,13.7232932270,1.0000000000,8.0001324089,1.0000000000,0.8800000000,227.2727272727
378,100,0,100,100,100,0,0,100,9900,100,100,0.1249754237,13.5983178033,1.0000000000,8.0001324089,1.0000000000,0.8800000000,227.2727272727
379,100,0,98,100,100,0,0,102,9706,100,100,0.1229204669,13.4753973365,1.0204081633,8.1601324944,1.0000000000,0.8816000000,226.8602540835
380,100,0,10,100,100,0,0,110,1170,100,100,0.0350620351,13.4403353014,10.0000000000,15.2001733089,1.0000000000,0.8880000000,225.2252252252
381,100,0,10,100,100,0,0,109,1170,100,100,0.0353755734,13.4049597280,10.0000000000,15.2001714241,1.0000000000,0.8872000000,225.4283137962
382,100,0,9,100,100,0,0,109,1073,100,100,0.0339120144,13.3710477136,11.1111111111,15.2801879430,1.0000000000,0.8872000000,225.4283137962
383,100,0,14,100,100,0,0,113,1558,100,100,0.0386868720,13.3323608416,7.1428571429,14.8801646573,1.0000000000,0.8904000000,224.6181491465
384,100,0,53,100,100,0,0,128,5341,100,100,0.0777981292,13.2545627124,1.8867924528,11.7601425116,1.0000000000,0.9024000000,221.6312056738
385,100,0,20,100,100,0,0,118,2140,100,100,0.0447280732,13.2098346392,5.0000000000,14.4001556887,1.0000000000,0.8944000000,223.6135957066
386,100,0,21,100,100,0,0,119,2237,100,100,0.0455112892,13.1643233500,4.7619047619,14.3201500331,1.0000000000,0.8952000000,223.4137622878
387,100,0,16,100,100,0,0,114,1752,100,100,0.0408108398,13.1235125102,6.2500000000,14.7201736837,1.0000000000,0.8912000000,224.4165170557
388,100,0,49,100,100,0,0,127,4953,100,100,0.0738198568,13.0496926534,2.0408163265,12.0801410788,1.0000000000,0.9016000000,221.8278615794
389,100,0,97,100,100,0,0,102,9609,100,100,0.1218779021,12.9278147513,1.0309278351,8.2401326444,1.0000000000,0.8816000000,226.8602540835
390,100,0,15,100,100,0,0,113,1655,100,100,0.0398701020,12.8879446493,6.6666666667,14.8001815084,1.0000000000,0.8904000000,224.6181491465
391,100,0,26,100,100,0,0,123,2722,100,100,0.0505240232,12.8374206261,3.8461538462,13.9201488288,1.0000000000,0.8984000000,222.6179875334
392,100,0,12,100,100,0,0,112,1364,100,100,0.0366669962,12.8007536299,8.3333333333,15.0401605533,1.0000000000,0.8896000000,224.8201438849
393,100,0,98,100,100,0,0,101,9706,100,100,0.1229066203,12.6778470097,1.0204081633,8.1601326741,1.0000000000,0.8808000000,227.0663033606
394,100,0,9,100,100,0,0,109,1073,100,100,0.0346390359,12.6432079738,11.1111111111,15.2801852743,1.0000000000,0.8872000000,225.4283137962
395,100,0,13,100,100,0,0,113,1461,100,100,0.0375590349,12.6056489389,7.6923076923,14.9601589265,1.0000000000,0.8904000000,224.6181491465
396,100,0,97,100,100,0,0,103,9609,100,100,0.1219123140,12.4837366249,1.0309278351,8.2401326533,1.0000000000,0.8824000000,226.6545784225
397,100,0,11,100,100,0,0,111,1267,100,100,0.0356764505,12.4480601744,9.0909090909,15.1201609020,1.0000000000,0.8888000000,225.0225022502
398,100,0,15,100,100,0,0,112,1655,100,100,0.0404772537,12.4075829206,6.6666666667,14.8001724913,1.0000000000,0.8896000000,224.8201438849
399,100,0,23,100,100,0,0,119,2431,100,100,0.0477337288,12.3598491918,4.3478260870,14.1601511937,1.0000000000,0.8952000000,223.4137622878
400,100,0,13,100,100,0,0,112,1461,100,100,0.0380935371,12.3217556547,7.6923076923,14.9601711717,1.0000000000,0.8896000000,224.8201438849
401,100,0,10,100,100,0,0,110,1170,100,100,0.0351940823,12.2865615724,10.0000000000,15.2001715845,1.0000000000,0.8880000000,225.2252252252
402,100,0,15,100,100,0,0,114,1655,100,100,0.0397843763,12.2467771961,6.6666666667,14.8001691820,1.0000000000,0.8912000000,224.4165170557
403,100,0,24,100,100,0,0,122,2528,100,100,0.0487392182,12.1980379779,4.1666666667,14.0801532475,1.0000000000,0.8976000000,222.8163992870
404,100,0,12,100,100,0,0,112,1364,100,100,0.0372611544,12.1607768235,8.3333333333,15.0401596922,1.0000000000,0.8896000000,224.8201438849
405,100,0,98,100,100,0,0,102,9706,100,100,0.1229384043,12.0378384192,1.0204081633,8.1601329366,1.0000000000,0.8816000000,226.8602540835
406,100,0,8,100,100,0,0,108,976,100,100,0.0330184433,12.0048199759,12.5000000000,15.3601676082,1.0000000000,0.8864000000,225.6317689531
407,100,0,17,100,100,0,0,116,1849,100,100,0.0417391611,11.9630808148,5.8823529412,14.6401632261,1.0000000000,0.8928000000,224.0143369176
408,100,0,21,100,100,0,0,121,2237,100,100,0.0458181937,11.9172626211,4.7619047619,14.3201640189,1.0000000000,0.8968000000,223.0151650312
409,100,0,22,100,100,0,0,116,2334,100,100,0.0467528550,11.8705097661,4.5454545455,14.2401586440,1.0000000000,0.8928000000,224.0143369176
410,100,0,17,100,100,0,0,117,1849,100,100,0.0417094672,11.8288002989,5.8823529412,14.6401729440,1.0000000000,0.8936000000,223.8137869293
411,100,0,23,100,100,0,0,121,2431,100,100,0.0477774213,11.7810228776,4.3478260870,14.1601536083,1.0000000000,0.8968000000,223.0151650312
412,100,0,13,100,100,0,0,112,1461,100,100,0.0377578060,11.7432650715,7.6923076923,14.9601779149,1.0000000000,0.8896000000,224.8201438849
413,100,0,9,100,100,0,0,109,1073,100,100,0.0336996826,11.7095653889,11.1111111111,15.2801756172,1.0000000000,0.8872000000,225.4283137962
414,100,0,13,100,100,0,0,112,1461,100,100,0.0382139847,11.6713514042,7.6923076923,14.9601917969,1.0000000000,0.8896000000,224.8201438849
415,100,0,53,100,100,0,0,131,5341,100,100,0.0780244616,11.5933269426,1.8867924528,11.7601403956,1.0000000000,0.9048000000,221.0433244916
416,100,0,26,100,100,0,0,124,2722,100,100,0.0507367100,11.5425902326,3.8461538462,13.9201539007,1.0000000000,0.8992000000,222.4199288256
417,100,0,93,100,100,0,0,107,9221,100,100,0.1178940934,11.4246961392,1.0752688172,8.5601328132,1.0000000000,0.8856000000,225.8355916893
418,100,0,28,100,100,0,0,123,2916,100,100,0.0526122043,11.3720839349,3.5714285714,13.7601493992,1.0000000000,0.8984000000,222.6179875334
419,100,0,49,100,100,0,0,129,4953,100,100,0.0738026736,11.2982812612,2.0408163265,12.0801407968,1.0000000000,0.9032000000,221.4348981399
420,100,0,91,100,100,0,0,109,9027,100,100,0.1158607492,11.1824205120,1.0989010989,8.7201330652,1.0000000000,0.8872000000,225.4283137962
421,100,0,47,100,100,0,0,128,4759,100,100,0.0717603915,11.1106601205,2.1276595745,12.2401434909,1.0000000000,0.9024000000,221.6312056738
422,100,0,8,100,100,0,0,108,976,100,100,0.0329208952,11.0777392253,12.5000000000,15.3601801994,1.0000000000,0.8864000000,225.6317689531
423,100,0,12,100,100,0,0,111,1364,100,100,0.0368652692,11.0408739562,8.3333333333,15.0401749060,1.0000000000,0.8888000000,225.0225022502
424,100,0,10,100,100,0,0,109,1170,100,100,0.0352431909,11.0056307653,10.0000000000,15.2001687544,1.0000000000,0.8872000000,225.4283137962
425,100,0,8,100,100,0,0,108,976,100,100,0.0334778855,10.9721528798,12.5000000000,15.3601645438,1.0000000000,0.8864000000,225.6317689531
426,100,0,15,100,100,0,0,115,1655,100,100,0.0400344385,10.9321184414,6.6666666667,14.8001673586,1.0000000000,0.8920000000,224.2152466368
427,100,0,60,100,100,0,0,132,6020,100,100,0.0850069136,10.8471115277,1.6666666667,11.2001418882,1.0000000000,0.9056000000,220.8480565371
428,100,0,49,100,100,0,0,130,4953,100,100,0.0736791295,10.7734323983,2.0408163265,12.0801399008,1.0000000000,0.9040000000,221.2389380531
429,100,0,92,100,100,0,0,107,9124,100,100,0.1168894785,10.6565429198,1.0869565217,8.6401330496,1.0000000000,0.8856000000,225.8355916893
430,100,0,33,100,100,0,0,127,3401,100,100,0.0577230457,10.5988198741,3.0303030303,13.3601459666,1.0000000000,0.9016000000,221.8278615794
431,100,0,15,100,100,0,0,115,1655,100,100,0.0398787491,10.5589411250,6.6666666667,14.8001704198,1.0000000000,0.8920000000,224.2152466368
432,100,0,94,100,100,0,0,106,9318,100,100,0.1189539559,10.4399871691,1.0638297872,8.4801326881,1.0000000000,0.8848000000,226.0397830018
433,100,0,23,100,100,0,0,120,2431,100,100,0.0476733847,10.3923137845,4.3478260870,14.1601663096,1.0000000000,0.8960000000,223.2142857143
434,100,0,10,100,100,0,0,110,1170,100,100,0.0350002815,10.3573135030,10.0000000000,15.2001675662,1.0000000000,0.8880000000,225.2252252252
435,100,0,5,100,100,0,0,105,685,100,100,0.0307647063,10.3265487967,20.0000000000,15.6001813729,1.0000000000,0.8840000000,226.2443438914
436,100,0,31,100,100,0,0,123,3207,100,100,0.0556811431,10.2708676536,3.2258064516,13.5201475141,1.0000000000,0.8984000000,222.6179875334
437,100,0,13,100,100,0,0,112,1461,100,100,0.0377076450,10.2331600086,7.6923076923,14.9601613829,1.0000000000,0.8896000000,224.8201438849
438,100,0,10,100,100,0,0,110,1170,100,100,0.0346860217,10.1984739869,10.0000000000,15.2001599707,1.0000000000,0.8880000000,225.2252252252
439,100,0,13,100,100,0,0,113,1461,100,100,0.0376289516,10.1608450353,7.6923076923,14.9601627982,1.0000000000,0.8904000000,224.6181491465
440,100,0,9,100,100,0,0,109,1073,100,100,0.0337412099,10.1271038254,11.1111111111,15.2801679653,1.0000000000,0.8872000000,225.4283137962
441,100,0,10,100,100,0,0,110,1170,100,100,0.0352132426,10.0918905828,10.0000000000,15.2001770127,1.0000000000,0.8880000000,225.2252252252
442,100,0,10,100,100,0,0,110,1170,100,100,0.0350726052,10.0568179777,10.0000000000,15.2001802815,1.0000000000,0.8880000000,225.2252252252
443,100,0,11,100,100,0,0,110,1267,100,100,0.0357069673,10.0211110104,9.0909090909,15.1201657275,1.0000000000,0.8880000000,225.2252252252
444,100,0,3,100,100,0,0,103,491,100,100,0.0296154069,9.9914956035,33.3333333333,15.7602080552,1.0000000000,0.8824000000,226.6545784225
445,100,0,42,100,100,0,0,129,4274,100,100,0.0666354765,9.9248601270,2.3809523810,12.6401456289,1.0000000000,0.9032000000,221.4348981399
446,100,0,13,100,100,0,0,112,1461,100,100,0.0384061220,9.8864540050,7.6923076923,14.9601684383,1.0000000000,0.8896000000,224.8201438849
447,100,0,11,100,100,0,0,111,1267,100,100,0.0358385031,9.8506155019,9.0909090909,15.1201717913,1.0000000000,0.8888000000,225.0225022502
448,100,0,10,100,100,0,0,110,1170,100,100,0.0349162206,9.8156992813,10.0000000000,15.2001749650,1.0000000000,0.8880000000,225.2252252252
449,100,0,10,100,100,0,0,110,1170,100,100,0.0346335052,9.7810657761,10.0000000000,15.2001638525,1.0000000000,0.8880000000,225.2252252252
450,100,0,11,100,100,0,0,111,1267,100,100,0.0360966852,9.7449690909,9.0909090909,15.1201843068,1.0000000000,0.8888000000,225.0225022502
451,100,0,17,100,100,0,0,115,1849,100,100,0.0416540033,9.7033150876,5.8823529412,14.6401483385,1.0000000000,0.8920000000,224.2152466368
452,100,0,18,100,100,0,0,117,1946,100,100,0.0425749145,9.6607401731,5.5555555556,14.5601586957,1.0000000000,0.8936000000,223.8137869293
453,100,0,18,100,100,0,0,117,1946,100,100,0.0426102206,9.6181299526,5.5555555556,14.5601585355,1.0000000000,0.8936000000,223.8137869293
454,100,0,25,100,100,0,0,121,2625,100,100,0.0500068288,9.5681231238,4.0000000000,14.0001592696,1.0000000000,0.8968000000,223.0151650312
455,100,0,12,100,100,0,0,112,1364,100,100,0.0370769649,9.5310461589,8.3333333333,15.0401913028,1.0000000000,0.8896000000,224.8201438849
456,100,0,12,100,100,0,0,112,1364,100,100,0.0365977712,9.4944483877,8.3333333333,15.0401620395,1.0000000000,0.8896000000,224.8201438849
457,100,0,54,100,100,0,0,125,5438,100,100,0.0788179208,9.4156304669,1.8518518519,11.6801399098,1.0000000000,0.9000000000,222.2222222222
458,100,0,18,100,100,0,0,118,1946,100,100,0.0427371794,9.3728932875,5.5555555556,14.5601671363,1.0000000000,0.8944000000,223.6135957066
459,100,0,13,100,100,0,0,113,1461,100,100,0.0376929019,9.3352003856,7.6923076923,14.9601661378,1.0000000000,0.8904000000,224.6181491465
460,100,0,13,100,100,0,0,113,1461,100,100,0.0377428830,9.2974575026,7.6923076923,14.9601722799,1.0000000000,0.8904000000,224.6181491465
461,100,0,6,100,100,0,0,106,782,100,100,0.0314746682,9.2659828344,16.6666666667,15.5201734096,1.0000000000,0.8848000000,226.0397830018
462,100,0,14,100,100,0,0,113,1558,100,100,0.0388736163,9.2271092181,7.1428571429,14.8801771315,1.0000000000,0.8904000000,224.6181491465
463,100,0,11,100,100,0,0,111,1267,100,100,0.0359653840,9.1911438342,9.0909090909,15.1201852955,1.0000000000,0.8888000000,225.0225022502
464,100,0,86,100,100,0,0,113,8542,100,100,0.1109738483,9.0801699859,1.1627906977,9.1201341855,1.0000000000,0.8904000000,224.6181491465
465,100,0,13,100,100,0,0,111,1461,100,100,0.0379767798,9.0421932060,7.6923076923,14.9601812625,1.0000000000,0.8888000000,225.0225022502
466,100,0,4,100,100,0,0,104,588,100,100,0.0296248796,9.0125683264,25.0000000000,15.6801998834,1.0000000000,0.8832000000,226.4492753623
467,100,0,20,100,100,0,0,119,2140,100,100,0.0446065797,8.9679617467,5.0000000000,14.4001588988,1.0000000000,0.8952000000,223.4137622878
468,100,0,16,100,100,0,0,115,1752,100,100,0.0406855350,8.9272762118,6.2500000000,14.7201618623,1.0000000000,0.8920000000,224.2152466368
469,100,0,5,100,100,0,0,105,685,100,100,0.0321183314,8.8951578803,20.0000000000,15.6001995591,1.0000000000,0.8840000000,226.2443438914
470,100,0,12,100,100,0,0,112,1364,100,100,0.0371921337,8.8579657466,8.3333333333,15.0401792898,1.0000000000,0.8896000000,224.8201438849
471,100,0,17,100,100,0,0,117,1849,100,100,0.0417456988,8.8162200478,5.8823529412,14.6401627480,1.0000000000,0.8936000000,223.8137869293
472,100,0,14,100,100,0,0,113,1558,100,100,0.0389256257,8.7772944222,7.1428571429,14.8801589311,1.0000000000,0.8904000000,224.6181491465
473,100,0,7,100,100,0,0,107,879,100,100,0.0318790728,8.7454153494,14.2857142857,15.4401849513,1.0000000000,0.8856000000,225.8355916893
474,100,0,17,100,100,0,0,115,1849,100,100,0.0415705858,8.7038447636,5.8823529412,14.6401558792,1.0000000000,0.8920000000,224.2152466368
475,100,0,40,100,100,0,0,127,4080,100,100,0.0647202337,8.6391245299,2.5000000000,12.8001464890,1.0000000000,0.9016000000,221.8278615794
476,100,0,35,100,100,0,0,128,3595,100,100,0.0596612631,8.5794632668,2.8571428571,13.2001431935,1.0000000000,0.9024000000,221.6312056738
477,100,0,7,100,100,0,0,107,879,100,100,0.0319506410,8.5475126258,14.2857142857,15.4401944302,1.0000000000,0.8856000000,225.8355916893
478,100,0,24,100,100,0,0,120,2528,100,100,0.0485633626,8.4989492632,4.1666666667,14.0801535687,1.0000000000,0.8960000000,223.2142857143
479,100,0,10,100,100,0,0,110,1170,100,100,0.0348018685,8.4641473947,10.0000000000,15.2001787812,1.0000000000,0.8880000000,225.2252252252
480,100,0,6,100,100,0,0,106,782,100,100,0.0322391801,8.4319082146,16.6666666667,15.5202131769,1.0000000000,0.8848000000,226.0397830018
481,100,0,31,100,100,0,0,122,3207,100,100,0.0558769940,8.3760312206,3.2258064516,13.5201571025,1.0000000000,0.8976000000,222.8163992870
482,100,0,17,100,100,0,0,117,1849,100,100,0.0417071841,8.3343240365,5.8823529412,14.6401655820,1.0000000000,0.8936000000,223.8137869293
483,100,0,36,100,100,0,0,125,3692,100,100,0.0607584601,8.2735655764,2.7777777778,13.1201476779,1.0000000000,0.9000000000,222.2222222222
484,100,0,12,100,100,0,0,112,1364,100,100,0.0370514318,8.2365141445,8.3333333333,15.0401758883,1.0000000000,0.8896000000,224.8201438849
485,100,0,8,100,100,0,0,108,976,100,100,0.0327963605,8.2037177841,12.5000000000,15.3601657945,1.0000000000,0.8864000000,225.6317689531
486,100,0,13,100,100,0,0,113,1461,100,100,0.0376382954,8.1660794887,7.6923076923,14.9601606156,1.0000000000,0.8904000000,224.6181491465
487,100,0,81,100,100,0,0,117,8057,100,100,0.1060252786,8.0600542101,1.2345679012,9.5201350517,1.0000000000,0.8936000000,223.8137869293
488,100,0,43,100,100,0,0,124,4371,100,100,0.0677274568,7.9923267533,2.3255813953,12.5601471120,1.0000000000,0.8992000000,222.4199288256
489,100,0,11,100,100,0,0,111,1267,100,100,0.0358081354,7.9565186179,9.0909090909,15.1201641888,1.0000000000,0.8888000000,225.0225022502
490,100,0,7,100,100,0,0,107,879,100,100,0.0322412693,7.9242773486,14.2857142857,15.4401808528,1.0000000000,0.8856000000,225.8355916893
491,100,0,25,100,100,0,0,120,2625,100,100,0.0496740945,7.8746032541,4.0000000000,14.0001602140,1.0000000000,0.8960000000,223.2142857143
492,100,0,11,100,100,0,0,111,1267,100,100,0.0356621609,7.8389410932,9.0909090909,15.1201690166,1.0000000000,0.8888000000,225.0225022502
493,100,0,8,100,100,0,0,108,976,100,100,0.0334070481,7.8055340452,12.5000000000,15.3601821952,1.0000000000,0.8864000000,225.6317689531
494,100,0,9,100,100,0,0,108,1073,100,100,0.0341758461,7.7713581991,11.1111111111,15.2801910064,1.0000000000,0.8864000000,225.6317689531
495,100,0,12,100,100,0,0,111,1364,100,100,0.0366481078,7.7347100913,8.3333333333,15.0401670052,1.0000000000,0.8888000000,225.0225022502
496,100,0,11,100,100,0,0,111,1267,100,100,0.0361450149,7.6985650764,9.0909090909,15.1201866279,1.0000000000,0.8888000000,225.0225022502
497,100,0,5,100,100,0,0,105,685,100,100,0.0322434549,7.6663216215,20.0000000000,15.6002624823,1.0000000000,0.8840000000,226.2443438914
498,100,0,10,100,100,0,0,110,1170,100,100,0.0349771188,7.6313445027,10.0000000000,15.2001715481,1.0000000000,0.8880000000,225.2252252252
499,100,0,22,100,100,0,0,118,2334,100,100,0.0466548288,7.5846896739,4.5454545455,14.2401593028,1.0000000000,0.8944000000,223.6135957066
500,100,0,11,100,100,0,0,111,1267,100,100,0.0358705080,7.5488191659,9.0909090909,15.1201604387,1.0000000000,0.8888000000,225.0225022502
501,100,0,8,100,100,0,0,108,976,100,100,0.0329420773,7.5158770886,12.5000000000,15.3601907886,1.0000000000,0.8864000000,225.6317689531
502,100,0,17,100,100,0,0,115,1849,100,100,0.0416985259,7.4741785626,5.8823529412,14.6401526746,1.0000000000,0.8920000000,224.2152466368
503,100,0,40,100,100,0,0,127,4080,100,100,0.0646107093,7.4095678533,2.5000000000,12.8001465738,1.0000000000,0.9016000000,221.8278615794
504,100,0,41,100,100,0,0,130,4177,100,100,0.0660148835,7.3435529698,2.4390243902,12.7201476212,1.0000000000,0.9040000000,221.2389380531
505,100,0,17,100,100,0,0,116,1849,100,100,0.0417599396,7.3017930302,5.8823529412,14.6401546492,1.0000000000,0.8928000000,224.0143369176
506,100,0,6,100,100,0,0,106,782,100,100,0.0320117279,7.2697813024,16.6666666667,15.5202349386,1.0000000000,0.8848000000,226.0397830018
507,100,0,9,100,100,0,0,109,1073,100,100,0.0342712420,7.2355100604,11.1111111111,15.2801784389,1.0000000000,0.8872000000,225.4283137962
508,100,0,17,100,100,0,0,116,1849,100,100,0.0415774733,7.1939325870,5.8823529412,14.6401645454,1.0000000000,0.8928000000,224.0143369176
509,100,0,37,100,100,0,0,125,3789,100,100,0.0614382850,7.1324943021,2.7027027027,13.0401476219,1.0000000000,0.9000000000,222.2222222222
510,100,0,8,100,100,0,0,108,976,100,100,0.0328713592,7.0996229429,12.5000000000,15.3601729001,1.0000000000,0.8864000000,225.6317689531
511,100,0,9,100,100,0,0,109,1073,100,100,0.0340284582,7.0655944847,11.1111111111,15.2801835613,1.0000000000,0.8872000000,225.4283137962
512,100,0,13,100,100,0,0,113,1461,100,100,0.0377974926,7.0277969921,7.6923076923,14.9601646775,1.0000000000,0.8904000000,224.6181491465
513,100,0,6,100,100,0,0,106,782,100,100,0.0310301253,6.9967668668,16.6666666667,15.5201891938,1.0000000000,0.8848000000,226.0397830018
514,100,0,13,100,100,0,0,113,1461,100,100,0.0377845177,6.9589823491,7.6923076923,14.9601711594,1.0000000000,0.8904000000,224.6181491465
515,100,0,9,100,100,0,0,109,1073,100,100,0.0338840643,6.9250982847,11.1111111111,15.2801625750,1.0000000000,0.8872000000,225.4283137962
516,100,0,14,100,100,0,0,114,1558,100,100,0.0389587040,6.8861395807,7.1428571429,14.8801598354,1.0000000000,0.8912000000,224.4165170557
517,100,0,70,100,100,0,0,124,6990,100,100,0.0948887513,6.7912508295,1.4285714286,10.4001363791,1.0000000000,0.8992000000,222.4199288256
518,100,0,71,100,100,0,0,121,7087,100,100,0.0957725992,6.6954782302,1.4084507042,10.3201360077,1.0000000000,0.8968000000,223.0151650312
519,100,0,34,100,100,0,0,128,3498,100,100,0.0586645699,6.6368136603,2.9411764706,13.2801464991,1.0000000000,0.9024000000,221.6312056738
520,100,0,13,100,100,0,0,113,1461,100,100,0.0379306735,6.5988829868,7.6923076923,14.9601721017,1.0000000000,0.8904000000,224.6181491465
521,100,0,12,100,100,0,0,112,1364,100,100,0.0366947659,6.5621882210,8.3333333333,15.0401597485,1.0000000000,0.8896000000,224.8201438849
522,100,0,71,100,100,0,0,120,7087,100,100,0.0957897140,6.4663985070,1.4084507042,10.3201360771,1.0000000000,0.8960000000,223.2142857143
523,100,0,36,100,100,0,0,124,3692,100,100,0.0606626829,6.4057358241,2.7777777778,13.1201464620,1.0000000000,0.8992000000,222.4199288256
524,100,0,14,100,100,0,0,113,1558,100,100,0.0388054501,6.3669303740,7.1428571429,14.8801800576,1.0000000000,0.8904000000,224.6181491465
525,100,0,40,100,100,0,0,127,4080,100,100,0.0648322619,6.3020981121,2.5000000000,12.8001455927,1.0000000000,0.9016000000,221.8278615794
526,100,0,34,100,100,0,0,123,3498,100,100,0.0585709587,6.2435271534,2.9411764706,13.2801501609,1.0000000000,0.8984000000,222.6179875334
527,100,0,14,100,100,0,0,113,1558,100,100,0.0387262924,6.2048008610,7.1428571429,14.8801681685,1.0000000000,0.8904000000,224.6181491465
528,100,0,6,100,100,0,0,106,782,100,100,0.0309902256,6.1738106354,16.6666666667,15.5201828435,1.0000000000,0.8848000000,226.0397830018
529,100,0,13,100,100,0,0,113,1461,100,100,0.0377052688,6.1361053666,7.6923076923,14.9601688170,1.0000000000,0.8904000000,224.6181491465
530,100,0,7,100,100,0,0,107,879,100,100,0.0328302295,6.1032751371,14.2857142857,15.4402083446,1.0000000000,0.8856000000,225.8355916893
531,100,0,16,100,100,0,0,116,1752,100,100,0.0406268668,6.0626482703,6.2500000000,14.7201738381,1.0000000000,0.8928000000,224.0143369176
532,100,0,28,100,100,0,0,123,2916,100,100,0.0526737223,6.0099745480,3.5714285714,13.7601554317,1.0000000000,0.8984000000,222.6179875334
533,100,0,6,100,100,0,0,106,782,100,100,0.0317051118,5.9782694362,16.6666666667,15.5201661860,1.0000000000,0.8848000000,226.0397830018
534,100,0,14,100,100,0,0,114,1558,100,100,0.0389504600,5.9393189762,7.1428571429,14.8801630381,1.0000000000,0.8912000000,224.4165170557
535,100,0,4,100,100,0,0,104,588,100,100,0.0300644345,5.9092545417,25.0000000000,15.6801880883,1.0000000000,0.8832000000,226.4492753623
536,100,0,21,100,100,0,0,120,2237,100,100,0.0455548491,5.8636996926,4.7619047619,14.3201472517,1.0000000000,0.8960000000,223.2142857143
537,100,0,11,100,100,0,0,110,1267,100,100,0.0359393018,5.8277603908,9.0909090909,15.1201781270,1.0000000000,0.8880000000,225.2252252252
538,100,0,11,100,100,0,0,111,1267,100,100,0.0358520147,5.7919083761,9.0909090909,15.1201795174,1.0000000000,0.8888000000,225.0225022502
539,100,0,8,100,100,0,0,108,976,100,100,0.0331687455,5.7587396306,12.5000000000,15.3601775950,1.0000000000,0.8864000000,225.6317689531
540,100,0,11,100,100,0,0,110,1267,100,100,0.0357842118,5.7229554188,9.0909090909,15.1201629703,1.0000000000,0.8880000000,225.2252252252
541,100,0,7,100,100,0,0,106,879,100,100,0.0340632117,5.6888922071,14.2857142857,15.4402706569,1.0000000000,0.8848000000,226.0397830018
542,100,0,24,100,100,0,0,120,2528,100,100,0.0486402067,5.6402520004,4.1666666667,14.0801608135,1.0000000000,0.8960000000,223.2142857143
543,100,0,7,100,100,0,0,107,879,100,100,0.0320836281,5.6081683723,14.2857142857,15.4401610574,1.0000000000,0.8856000000,225.8355916893
544,100,0,20,100,100,0,0,117,2140,100,100,0.0448649158,5.5633034565,5.0000000000,14.4001669251,1.0000000000,0.8936000000,223.8137869293
545,100,0,15,100,100,0,0,113,1655,100,100,0.0398666662,5.5234367903,6.6666666667,14.8001654838,1.0000000000,0.8904000000,224.6181491465
546,100,0,4,100,100,0,0,104,588,100,100,0.0296544575,5.4937823328,25.0000000000,15.6801976014,1.0000000000,0.8832000000,226.4492753623
547,100,0,25,100,100,0,0,123,2625,100,100,0.0495690781,5.4442132547,4.0000000000,14.0001546326,1.0000000000,0.8984000000,222.6179875334
548,100,0,3,100,100,0,0,103,491,100,100,0.0308650760,5.4133481787,33.3333333333,15.7602138354,1.0000000000,0.8824000000,226.6545784225
549,100,0,56,100,100,0,0,127,5632,100,100,0.0808987357,5.3324494430,1.7857142857,11.5201395100,1.0000000000,0.9016000000,221.8278615794
550,100,0,10,100,100,0,0,110,1170,100,100,0.0350208236,5.2974286194,10.0000000000,15.2002006783,1.0000000000,0.8880000000,225.2252252252
551,100,0,7,100,100,0,0,107,879,100,100,0.0320933573,5.2653352621,14.2857142857,15.4401658980,1.0000000000,0.8856000000,225.8355916893
552,100,0,8,100,100,0,0,108,976,100,100,0.0327598982,5.2325753639,12.5000000000,15.3601782779,1.0000000000,0.8864000000,225.6317689531
553,100,0,38,100,100,0,0,127,3886,100,100,0.0627476912,5.1698276727,2.6315789474,12.9601444987,1.0000000000,0.9016000000,221.8278615794
554,100,0,6,100,100,0,0,106,782,100,100,0.0322316988,5.1375959740,16.6666666667,15.5202440371,1.0000000000,0.8848000000,226.0397830018
555,100,0,13,100,100,0,0,112,1461,100,100,0.0381092442,5.0994867297,7.6923076923,14.9601840202,1.0000000000,0.8896000000,224.8201438849
556,100,0,6,100,100,0,0,106,782,100,100,0.0318068939,5.0676798358,16.6666666667,15.5201751287,1.0000000000,0.8848000000,226.0397830018
557,100,0,14,100,100,0,0,113,1558,100,100,0.0386519735,5.0290278623,7.1428571429,14.8801623176,1.0000000000,0.8904000000,224.6181491465
558,100,0,8,100,100,0,0,108,976,100,100,0.0340532171,4.9949746452,12.5000000000,15.3601484068,1.0000000000,0.8864000000,225.6317689531
559,100,0,5,100,100,0,0,105,685,100,100,0.0310288109,4.9639458344,20.0000000000,15.6002048664,1.0000000000,0.8840000000,226.2443438914
560,100,0,32,100,100,0,0,126,3304,100,100,0.0566202710,4.9073255634,3.1250000000,13.4401467573,1.0000000000,0.9008000000,222.0248667851
561,100,0,18,100,100,0,0,118,1946,100,100,0.0425305680,4.8647949954,5.5555555556,14.5601565133,1.0000000000,0.8944000000,223.6135957066
562,100,0,24,100,100,0,0,120,2528,100,100,0.0488261158,4.8159688796,4.1666666667,14.0801636664,1.0000000000,0.8960000000,223.2142857143
563,100,0,13,100,100,0,0,113,1461,100,100,0.0377183348,4.7782505448,7.6923076923,14.9601580303,1.0000000000,0.8904000000,224.6181491465
564,100,0,7,100,100,0,0,107,879,100,100,0.0319525028,4.7462980420,14.2857142857,15.4401614568,1.0000000000,0.8856000000,225.8355916893
565,100,0,6,100,100,0,0,106,782,100,100,0.0314997738,4.7147982682,16.6666666667,15.5201971144,1.0000000000,0.8848000000,226.0397830018
566,100,0,21,100,100,0,0,120,2237,100,100,0.0457794832,4.6690187849,4.7619047619,14.3201595634,1.0000000000,0.8960000000,223.2142857143
567,100,0,20,100,100,0,0,119,2140,100,100,0.0445389581,4.6244798269,5.0000000000,14.4001567103,1.0000000000,0.8952000000,223.4137622878
568,100,0,14,100,100,0,0,113,1558,100,100,0.0389240591,4.5855557678,7.1428571429,14.8801780474,1.0000000000,0.8904000000,224.6181491465
569,100,0,5,100,100,0,0,105,685,100,100,0.0307802895,4.5547754783,20.0000000000,15.6002086416,1.0000000000,0.8840000000,226.2443438914
570,100,0,33,100,100,0,0,125,3401,100,100,0.0578322273,4.4969432509,3.0303030303,13.3601530020,1.0000000000,0.9000000000,222.2222222222
571,100,0,8,100,100,0,0,108,976,100,100,0.0331006153,4.4638426356,12.5000000000,15.3601989282,1.0000000000,0.8864000000,225.6317689531
572,100,0,15,100,100,0,0,115,1655,100,100,0.0395951708,4.4242474648,6.6666666667,14.8001534013,1.0000000000,0.8920000000,224.2152466368
573,100,0,7,100,100,0,0,107,879,100,100,0.0321615592,4.3920859056,14.2857142857,15.4401855850,1.0000000000,0.8856000000,225.8355916893
574,100,0,7,100,100,0,0,107,879,100,100,0.0328873152,4.3591985903,14.2857142857,15.4401950793,1.0000000000,0.8856000000,225.8355916893
575,100,0,26,100,100,0,0,122,2722,100,100,0.0507573998,4.3084411905,3.8461538462,13.9201569438,1.0000000000,0.8976000000,222.8163992870
576,100,0,5,100,100,0,0,105,685,100,100,0.0307770424,4.2776641481,20.0000000000,15.6001898435,1.0000000000,0.8840000000,226.2443438914
577,100,0,14,100,100,0,0,114,1558,100,100,0.0387685368,4.2388956113,7.1428571429,14.8801542664,1.0000000000,0.8912000000,224.4165170557
578,100,0,6,100,100,0,0,106,782,100,100,0.0320083239,4.2068872874,16.6666666667,15.5201907193,1.0000000000,0.8848000000,226.0397830018
579,100,0,17,100,100,0,0,116,1849,100,100,0.0418139335,4.1650733539,5.8823529412,14.6401674694,1.0000000000,0.8928000000,224.0143369176
580,100,0,1,100,100,0,0,101,297,100,100,0.0347983609,4.1302749930,100.0000000000,15.9203601350,1.0000000000,0.8808000000,227.0663033606
581,100,0,47,100,100,0,0,128,4759,100,100,0.0716693057,4.0586056873,2.1276595745,12.2401404725,1.0000000000,0.9024000000,221.6312056738
582,100,0,3,100,100,0,0,103,491,100,100,0.0289968323,4.0296088550,33.3333333333,15.7601676976,1.0000000000,0.8824000000,226.6545784225
583,100,0,52,100,100,0,0,127,5244,100,100,0.0767963045,3.9528125506,1.9230769231,11.8401415534,1.0000000000,0.9016000000,221.8278615794
584,100,0,22,100,100,0,0,119,2334,100,100,0.0466975822,3.9061149683,4.5454545455,14.2401526146,1.0000000000,0.8952000000,223.4137622878
585,100,0,6,100,100,0,0,106,782,100,100,0.0317711306,3.8743438377,16.6666666667,15.5202214824,1.0000000000,0.8848000000,226.0397830018
586,100,0,45,100,100,0,0,130,4565,100,100,0.0699096025,3.8044342352,2.2222222222,12.4001453701,1.0000000000,0.9040000000,221.2389380531
587,100,0,8,100,100,0,0,108,976,100,100,0.0331221508,3.7713120843,12.5000000000,15.3601809205,1.0000000000,0.8864000000,225.6317689531
588,100,0,11,100,100,0,0,111,1267,100,100,0.0358098308,3.7355022535,9.0909090909,15.1201716215,1.0000000000,0.8888000000,225.0225022502
589,100,0,11,100,100,0,0,111,1267,100,100,0.0364875112,3.6990147423,9.0909090909,15.1201690985,1.0000000000,0.8888000000,225.0225022502
590,100,0,6,100,100,0,0,106,782,100,100,0.0315599907,3.6674547517,16.6666666667,15.5201840530,1.0000000000,0.8848000000,226.0397830018
591,100,0,30,100,100,0,0,127,3110,100,100,0.0546752974,3.6127794543,3.3333333333,13.6001505619,1.0000000000,0.9016000000,221.8278615794
592,100,0,15,100,100,0,0,114,1655,100,100,0.0395774013,3.5732020530,6.6666666667,14.8001518985,1.0000000000,0.8912000000,224.4165170557
593,100,0,1,100,100,0,0,101,297,100,100,0.0305288906,3.5426731623,100.0000000000,15.9202306793,1.0000000000,0.8808000000,227.0663033606
594,100,0,3,100,100,0,0,103,491,100,100,0.0296821969,3.5129909654,33.3333333333,15.7602354926,1.0000000000,0.8824000000,226.6545784225
595,100,0,45,100,100,0,0,128,4565,100,100,0.0696574166,3.4433335489,2.2222222222,12.4001443907,1.0000000000,0.9024000000,221.6312056738
596,100,0,2,100,100,0,0,102,394,100,100,0.0303939212,3.4129396276,50.0000000000,15.8403002079,1.0000000000,0.8816000000,226.8602540835
597,100,0,3,100,100,0,0,103,491,100,100,0.0294696126,3.3834700150,33.3333333333,15.7601663567,1.0000000000,0.8824000000,226.6545784225
598,100,0,33,100,100,0,0,125,3401,100,100,0.0576024980,3.3258675170,3.0303030303,13.3601455803,1.0000000000,0.9000000000,222.2222222222
599,100,0,13,100,100,0,0,113,1461,100,100,0.0381485868,3.2877189302,7.6923076923,14.9601587769,1.0000000000,0.8904000000,224.6181491465
600,100,0,9,100,100,0,0,109,1073,100,100,0.0341696661,3.2535492641,11.1111111111,15.2801912113,1.0000000000,0.8872000000,225.4283137962
601,100,0,4,100,100,0,0,104,588,100,100,0.0307013587,3.2228479054,25.0000000000,15.6802115676,1.0000000000,0.8832000000,226.4492753623
602,100,0,1,100,100,0,0,101,297,100,100,0.0316034276,3.1912444778,100.0000000000,15.9202765379,1.0000000000,0.8808000000,227.0663033606
603,100,0,43,100,100,0,0,129,4371,100,100,0.0679537563,3.1232907215,2.3255813953,12.5601470940,1.0000000000,0.9032000000,221.4348981399
604,100,0,9,100,100,0,0,108,1073,100,100,0.0350076034,3.0882831181,11.1111111111,15.2801541487,1.0000000000,0.8864000000,225.6317689531
605,100,0,11,100,100,0,0,110,1267,100,100,0.0359019943,3.0523811237,9.0909090909,15.1201640781,1.0000000000,0.8880000000,225.2252252252
606,100,0,11,100,100,0,0,111,1267,100,100,0.0361647186,3.0162164051,9.0909090909,15.1201814408,1.0000000000,0.8888000000,225.0225022502
607,100,0,9,100,100,0,0,109,1073,100,100,0.0340270337,2.9821893714,11.1111111111,15.2801755551,1.0000000000,0.8872000000,225.4283137962
608,100,0,13,100,100,0,0,113,1461,100,100,0.0378664990,2.9443228724,7.6923076923,14.9601780829,1.0000000000,0.8904000000,224.6181491465
609,100,0,4,100,100,0,0,104,588,100,100,0.0329022861,2.9114205863,25.0000000000,15.6802875347,1.0000000000,0.8832000000,226.4492753623
610,100,0,36,100,100,0,0,126,3692,100,100,0.0605645716,2.8508560147,2.7777777778,13.1201448826,1.0000000000,0.9008000000,222.0248667851
611,100,0,4,100,100,0,0,104,588,100,100,0.0297314872,2.8211245275,25.0000000000,15.6801825031,1.0000000000,0.8832000000,226.4492753623
612,100,0,27,100,100,0,0,123,2819,100,100,0.0518168174,2.7693077101,3.7037037037,13.8401642343,1.0000000000,0.8984000000,222.6179875334
613,100,0,1,100,100,0,0,101,297,100,100,0.0310471362,2.7382605740,100.0000000000,15.9202672249,1.0000000000,0.8808000000,227.0663033606
614,100,0,6,100,100,0,0,105,782,100,100,0.0310405268,2.7072200471,16.6666666667,15.5201865376,1.0000000000,0.8840000000,226.2443438914
615,100,0,7,100,100,0,0,107,879,100,100,0.0324895448,2.6747305024,14.2857142857,15.4401607240,1.0000000000,0.8856000000,225.8355916893
616,100,0,23,100,100,0,0,121,2431,100,100,0.0477505834,2.6269799189,4.3478260870,14.1601550671,1.0000000000,0.8968000000,223.0151650312
617,100,0,4,100,100,0,0,104,588,100,100,0.0324612311,2.5945186879,25.0000000000,15.6802596755,1.0000000000,0.8832000000,226.4492753623
618,100,0,5,100,100,0,0,105,685,100,100,0.0313827840,2.5631359039,20.0000000000,15.6001919754,1.0000000000,0.8840000000,226.2443438914
619,100,0,11,100,100,0,0,111,1267,100,100,0.0362820898,2.5268538141,9.0909090909,15.1201726382,1.0000000000,0.8888000000,225.0225022502
620,100,0,4,100,100,0,0,104,588,100,100,0.0297815698,2.4970722444,25.0000000000,15.6802012276,1.0000000000,0.8832000000,226.4492753623
621,100,0,6,100,100,0,0,106,782,100,100,0.0321065900,2.4649656544,16.6666666667,15.5202311155,1.0000000000,0.8848000000,226.0397830018
622,100,0,3,100,100,0,0,103,491,100,100,0.0302851891,2.4346804652,33.3333333333,15.7601891520,1.0000000000,0.8824000000,226.6545784225
623,100,0,1,100,100,0,0,101,297,100,100,0.0345692071,2.4001112581,100.0000000000,15.9203388079,1.0000000000,0.8808000000,227.0663033606
624,100,0,2,100,100,0,0,102,394,100,100,0.0314961243,2.3686151338,50.0000000000,15.8402591797,1.0000000000,0.8816000000,226.8602540835
625,100,0,24,100,100,0,0,122,2528,100,100,0.0485078358,2.3201072980,4.1666666667,14.0801501864,1.0000000000,0.8976000000,222.8163992870
626,100,0,6,100,100,0,0,106,782,100,100,0.0311708184,2.2889364796,16.6666666667,15.5201727868,1.0000000000,0.8848000000,226.0397830018
627,100,0,27,100,100,0,0,122,2819,100,100,0.0516276105,2.2373088691,3.7037037037,13.8401465808,1.0000000000,0.8976000000,222.8163992870
628,100,0,3,100,100,0,0,103,491,100,100,0.0291127515,2.2081961177,33.3333333333,15.7602121259,1.0000000000,0.8824000000,226.6545784225
629,100,0,28,100,100,0,0,126,2916,100,100,0.0527876451,2.1554084726,3.5714285714,13.7601533631,1.0000000000,0.9008000000,222.0248667851
630,100,0,2,100,100,0,0,102,394,100,100,0.0326203431,2.1227881295,50.0000000000,15.8402785800,1.0000000000,0.8816000000,226.8602540835
631,100,0,25,100,100,0,0,122,2625,100,100,0.0497020691,2.0730860604,4.0000000000,14.0001517283,1.0000000000,0.8976000000,222.8163992870
632,100,0,5,100,100,0,0,105,685,100,100,0.0306147013,2.0424713591,20.0000000000,15.6001839493,1.0000000000,0.8840000000,226.2443438914
633,100,0,21,100,100,0,0,119,2237,100,100,0.0456071882,1.9968641709,4.7619047619,14.3201507173,1.0000000000,0.8952000000,223.4137622878
634,100,0,14,100,100,0,0,113,1558,100,100,0.0391252370,1.9577389339,7.1428571429,14.8801819682,1.0000000000,0.8904000000,224.6181491465
635,100,0,9,100,100,0,0,109,1073,100,100,0.0340244418,1.9237144921,11.1111111111,15.2801827747,1.0000000000,0.8872000000,225.4283137962
636,100,0,4,100,100,0,0,104,588,100,100,0.0297308732,1.8939836188,25.0000000000,15.6801642307,1.0000000000,0.8832000000,226.4492753623
637,100,0,4,100,100,0,0,104,588,100,100,0.0305236098,1.8634600090,25.0000000000,15.6802544143,1.0000000000,0.8832000000,226.4492753623
638,100,0,6,100,100,0,0,106,782,100,100,0.0314321140,1.8320278950,16.6666666667,15.5201673016,1.0000000000,0.8848000000,226.0397830018
639,100,0,2,100,100,0,0,102,394,100,100,0.0291133015,1.8029145935,50.0000000000,15.8401608733,1.0000000000,0.8816000000,226.8602540835
640,100,0,26,100,100,0,0,124,2722,100,100,0.0507200107,1.7521945828,3.8461538462,13.9201619907,1.0000000000,0.8992000000,222.4199288256
641,100,0,1,100,100,0,0,101,297,100,100,0.0331887704,1.7190058124,100.0000000000,15.9203311256,1.0000000000,0.8808000000,227.0663033606
642,100,0,4,100,100,0,0,104,588,100,100,0.0297506213,1.6892551911,25.0000000000,15.6801931840,1.0000000000,0.8832000000,226.4492753623
643,100,0,10,100,100,0,0,110,1170,100,100,0.0348609066,1.6543942845,10.0000000000,15.2001840284,1.0000000000,0.8880000000,225.2252252252
644,100,0,10,100,100,0,0,110,1170,100,100,0.0353839059,1.6190103786,10.0000000000,15.2001633869,1.0000000000,0.8880000000,225.2252252252
645,100,0,13,100,100,0,0,113,1461,100,100,0.0378371478,1.5811732308,7.6923076923,14.9601758605,1.0000000000,0.8904000000,224.6181491465
646,100,0,6,100,100,0,0,106,782,100,100,0.0321997872,1.5489734436,16.6666666667,15.5202119648,1.0000000000,0.8848000000,226.0397830018
647,99,1,21,99,99,0,0,119,2227,99,99,0.0453496732,1.5036237704,4.7142857143,14.3031905468,1.0000000000,0.8872000000,223.1740306583
648,99,1,6,99,99,0,0,105,774,99,99,0.0313448397,1.4722789307,16.5000000000,15.5153221479,1.0000000000,0.8760000000,226.0273972603
649,99,1,3,99,99,0,0,102,486,99,99,0.0287333350,1.4435455957,33.0000000000,15.7577585940,1.0000000000,0.8736000000,226.6483516484
650,99,1,18,99,99,0,0,114,1926,99,99,0.0422947796,1.4012508161,5.5000000000,14.5456201972,1.0000000000,0.8832000000,224.1847826087
651,99,1,2,99,99,0,0,101,390,99,99,0.0309000880,1.3703507280,49.5000000000,15.8386385398,1.0000000000,0.8728000000,226.8560953254
652,99,1,18,99,99,0,0,115,1926,99,99,0.0423197163,1.3280310117,5.5000000000,14.5456140074,1.0000000000,0.8840000000,223.9819004525
653,99,1,2,99,99,0,0,101,390,99,99,0.0298167277,1.2982142840,49.5000000000,15.8386366242,1.0000000000,0.8728000000,226.8560953254
654,99,1,16,99,99,0,0,114,1734,99,99,0.0402456508,1.2579686333,6.1875000000,14.7072316106,1.0000000000,0.8832000000,224.1847826087
655,99,1,1,99,99,0,0,100,294,99,99,0.0293445841,1.2286240492,99.0000000000,15.9193836390,1.0000000000,0.8720000000,227.0642201835
656,99,1,2,99,99,0,0,101,390,99,99,0.0312659554,1.1973580938,49.5000000000,15.8387046520,1.0000000000,0.8728000000,226.8560953254
657,99,1,1,99,99,0,0,100,294,99,99,0.0320002211,1.1653578727,99.0000000000,15.9194955590,1.0000000000,0.8720000000,227.0642201835
658,99,1,19,99,98,1,0,118,2022,98,98,0.0429046587,1.1224532140,5.2105263158,14.4491322680,0.9898989899,0.8784000000,223.1329690346
659,99,1,1,99,97,2,0,100,294,97,97,0.0348703530,1.0875828610,99.0000000000,15.9178943045,0.9797979798,0.8560000000,226.6355140187
660,96,4,15,96,96,0,0,109,1601,96,96,0.0382583902,1.0493244708,6.4000000000,14.7501655115,1.0000000000,0.8552000000,224.5088868101
661,96,4,3,96,96,0,0,99,471,96,96,0.0294253435,1.0198991273,32.0000000000,15.7502156056,1.0000000000,0.8472000000,226.6288951841
662,96,4,3,96,96,0,0,99,471,96,96,0.0282065577,0.9916925696,32.0000000000,15.7502064950,1.0000000000,0.8472000000,226.6288951841
663,94,6,10,94,94,0,0,104,1112,94,94,0.0334595308,0.9582330388,9.4000000000,15.1491199032,1.0000000000,0.8352000000,225.0957854406
664,94,6,8,94,94,0,0,102,916,94,94,0.0310275081,0.9272055308,11.7500000000,15.3193165632,1.0000000000,0.8336000000,225.5278310940
665,94,6,3,94,94,0,0,97,461,94,94,0.0286633209,0.8985422099,31.3333333333,15.7449551332,1.0000000000,0.8296000000,226.6152362584
666,93,7,5,93,92,1,0,98,638,92,92,0.0285705824,0.8699716275,18.6000000000,15.5654042521,0.9892473118,0.8144000000,225.9332023576
667,91,9,3,91,91,0,0,95,451,91,91,0.0263361681,0.8436354593,30.3333333333,15.7364480831,1.0000000000,0.8040000000,226.3681592040
668,91,9,10,91,90,1,0,100,1062,90,90,0.0317798195,0.8118556399,9.1000000000,15.1112832575,0.9890109890,0.8000000000,225.0000000000
669,89,11,11,89,89,0,0,100,1129,89,89,0.0320281277,0.7798275122,8.0909090909,15.0114127792,1.0000000000,0.7920000000,224.7474747475
670,87,13,2,88,53,35,0,91,349,77,77,0.0235486402,0.7562788720,27.0000000000,15.8492509346,0.6022727273,0.6888000000,153.8908246225
671,87,13,1,87,86,1,0,88,258,86,86,0.0344587309,0.7218201411,87.0000000000,15.9074023008,0.9885057471,0.7584000000,226.7932489451
672,85,15,1,86,0,86,0,87,256,54,54,0.0191921469,0.7026279942,1.0000000000,0.0000000000,0.0000000000,0.5016000000,0.0000000000
673,84,16,1,85,0,85,0,86,252,42,42,0.0163718150,0.6862561792,1.0000000000,0.0000000000,0.0000000000,0.4048000000,0.0000000000
674,82,18,1,83,0,83,0,84,247,72,72,0.0222144819,0.6640416973,1.0000000000,0.0000000000,0.0000000000,0.6432000000,0.0000000000
675,81,19,1,82,0,82,0,83,243,78,78,0.0287428535,0.6352988439,1.0000000000,0.0000000000,0.0000000000,0.6904000000,0.0000000000
676,79,21,1,79,79,0,0,80,235,79,79,0.0231477561,0.6121510878,79.0000000000,15.8989239850,1.0000000000,0.6960000000,227.0114942529
677,78,22,2,78,77,1,0,80,307,77,77,0.0237377247,0.5884133630,39.0000000000,15.7924409560,0.9871794872,0.6800000000,226.4705882353
678,77,23,2,78,34,44,0,80,306,58,58,0.0185261076,0.5698872555,17.5000000000,15.7650133222,0.4358974359,0.5280000000,128.7878787879
679,77,23,1,77,75,2,0,78,228,75,75,0.0263627143,0.5435245412,77.0000000000,15.8936948442,0.9740259740,0.6624000000,226.4492753623
680,76,24,3,76,74,2,0,80,375,74,74,0.0220193202,0.5215052210,25.3333333333,15.6759222740,0.9736842105,0.6560000000,225.6097560976
681,73,27,3,73,73,0,0,77,363,73,73,0.0226328433,0.4988723776,24.3333333333,15.6714343422,1.0000000000,0.6456000000,226.1462205700
682,72,28,7,73,58,15,0,80,636,67,67,0.0221266134,0.4767457642,8.4285714286,15.1726026919,0.7945205479,0.6000000000,193.3333333333
683,72,28,1,72,72,0,0,73,213,72,72,0.0262387939,0.4505069703,72.0000000000,15.8892630894,1.0000000000,0.6344000000,226.9861286255
684,71,29,1,71,71,0,0,72,211,71,71,0.0249718700,0.4255351003,71.0000000000,15.8876806655,1.0000000000,0.6256000000,226.9820971867
685,71,29,1,71,70,1,0,72,210,70,70,0.0203830036,0.4051520968,71.0000000000,15.8858781645,0.9859154930,0.6176000000,226.6839378238
686,70,30,5,70,69,1,0,75,478,69,69,0.0221647522,0.3829873445,14.0000000000,15.4205459614,0.9857142857,0.6120000000,225.4901960784
687,69,31,2,70,37,33,0,72,274,44,44,0.0153386390,0.3676487055,19.5000000000,15.7841242622,0.5285714286,0.4096000000,180.6640625000
688,67,33,0,67,67,0,67,27,93,67,67,0.0105535910,0.3570951145,0.0000000000,8.0001314028,1.0000000000,0.5576000000,240.3156384505
689,66,34,1,67,0,67,0,68,198,24,24,0.0114640888,0.3456310258,1.0000000000,0.0000000000,0.0000000000,0.2464000000,0.0000000000
690,66,34,1,66,63,3,0,67,195,63,63,0.0188037071,0.3268273187,66.0000000000,15.8732281453,0.9545454545,0.5576000000,225.9684361549
691,65,35,5,65,63,2,0,70,445,63,63,0.0198542672,0.3069730515,13.0000000000,15.3652651669,0.9692307692,0.5600000000,225.0000000000
692,64,36,3,64,63,1,0,67,313,63,63,0.0185209943,0.2884520571,21.3333333333,15.6192634489,0.9843750000,0.5576000000,225.9684361549
693,63,37,3,63,62,1,0,66,309,62,62,0.0182211922,0.2702308649,21.0000000000,15.6131466318,0.9841269841,0.5488000000,225.9475218659
694,62,38,1,63,0,63,0,64,186,24,24,0.0104298679,0.2598009970,1.0000000000,0.0000000000,0.0000000000,0.2432000000,0.0000000000
695,60,40,3,61,43,18,0,64,299,55,55,0.0164242940,0.2433767030,14.6666666667,15.6281267377,0.7049180328,0.4912000000,175.0814332248
696,58,42,1,58,57,1,0,61,175,57,57,0.0168992658,0.2264774372,58.0000000000,15.8598418066,0.9827586207,0.5048000000,225.8320126783
697,57,43,1,57,57,0,0,58,169,57,57,0.0187226394,0.2077547978,57.0000000000,15.8599675822,1.0000000000,0.5024000000,226.9108280255
698,56,44,1,57,0,57,0,58,168,44,44,0.0141783696,0.1935764282,1.0000000000,0.0000000000,0.0000000000,0.3984000000,0.0000000000
699,54,46,1,54,53,1,0,56,162,53,53,0.0178107137,0.1757657145,54.0000000000,15.8493860349,0.9814814815,0.4688000000,226.1092150171
700,54,46,1,54,49,5,0,55,159,49,49,0.0171846304,0.1585810841,54.0000000000,15.8370883332,0.9074074074,0.4360000000,224.7706422018
701,51,49,2,52,14,38,0,55,205,14,14,0.0063078850,0.1522731991,8.0000000000,15.4288267189,0.2692307692,0.1560000000,179.4871794872
702,50,50,1,50,46,4,0,51,148,46,46,0.0142860663,0.1379871328,50.0000000000,15.8263484118,0.9200000000,0.4088000000,225.0489236791
703,50,50,1,50,47,3,0,51,147,47,47,0.0148902785,0.1230968542,50.0000000000,15.8300648094,0.9400000000,0.4168000000,225.5278310940
704,48,52,1,48,45,3,0,49,142,45,45,0.0140447211,0.1090521331,48.0000000000,15.8224959204,0.9375000000,0.3992000000,225.4509018036
705,46,54,1,46,42,4,0,47,136,42,42,0.0157425433,0.0933095898,46.0000000000,15.8099396791,0.9130434783,0.3736000000,224.8394004283
706,44,56,1,44,40,4,0,45,131,40,40,0.0133392028,0.0799703870,44.0000000000,15.8003324487,0.9090909091,0.3560000000,224.7191011236
707,44,56,1,44,39,5,0,45,129,39,39,0.0133786480,0.0665917390,44.0000000000,15.7952241982,0.8863636364,0.3480000000,224.1379310345
708,42,58,1,43,0,43,0,44,126,36,36,0.0109017874,0.0556899515,1.0000000000,0.0000000000,0.0000000000,0.3232000000,0.0000000000
709,39,61,1,40,0,40,0,42,119,25,25,0.0088279742,0.0468619773,1.0000000000,0.0000000000,0.0000000000,0.2336000000,0.0000000000
710,33,67,1,34,0,34,0,37,105,31,31,0.0107394223,0.0361225550,1.0000000000,0.0000000000,0.0000000000,0.2776000000,0.0000000000
711,32,68,1,33,0,33,0,34,96,10,10,0.0037341097,0.0323884453,1.0000000000,0.0000000000,0.0000000000,0.1072000000,0.0000000000
712,30,70,1,30,25,5,0,32,90,25,25,0.0076043195,0.0247841259,30.0000000000,15.6802215592,0.8333333333,0.2256000000,221.6312056738
713,28,72,1,28,21,7,0,29,81,21,21,0.0065667050,0.0182174209,28.0000000000,15.6192897331,0.7500000000,0.1912000000,219.6652719665
714,25,75,1,25,20,5,0,28,77,20,20,0.0064925820,0.0117248389,25.0000000000,15.6002742746,0.8000000000,0.1824000000,219.2982456140
715,20,80,1,21,0,21,0,23,65,13,13,0.0041603113,0.0075645276,1.0000000000,0.0000000000,0.0000000000,0.1224000000,0.0000000000
716,13,87,1,14,0,14,0,17,46,10,10,0.0032592580,0.0043052695,1.0000000000,0.0000000000,0.0000000000,0.0936000000,0.0000000000
717,12,88,1,12,7,5,0,13,33,7,7,0.0021547938,0.0021504757,12.0000000000,14.8573080564,0.5833333333,0.0664000000,210.8433734940
718,9,91,1,10,0,10,0,12,30,2,2,0.0011762492,0.0009742265,1.0000000000,0.0000000000,0.0000000000,0.0256000000,0.0000000000
719,7,93,1,8,0,8,0,10,23,0,0,0.0005076440,0.0004665825,1.0000000000,0.0000000000,0.0000000000,0.0080000000,0.0000000000
720,4,96,1,5,0,5,0,6,13,0,0,0.0003511565,0.0001154261,1.0000000000,0.0000000000,0.0000000000,0.0048000000,0.0000000000
721,0,100,0,0,0,0,0,0,0,0,0,0.0001154261,0.0000000000,0.0000000000,0.0000000000,0.0000000000,0.0000000000,0.0000000000
